Video_ID,Video_Text
1,"25.000000

[Играет Monetochka — Переживу]

— Здравствуйте!

— Проблемы у тебя начались
задолго до войны.

— «У тебя через месяц не будет работы».

…как нужно квартиру
приготовить к обыску.

(прихлопывает) «Ура-а!»

И ты так вот сидишь…

Я хотя бы про неё рассказываю, Юр.

Я хотя бы не скрываю, блин!

— Такое бывает?!

[Музыкальная заставка]

— Чё, лоно природы?

— Ну да. Видишь,
у неё прямо летят в стороны.

— А чё она не… О, ого!

А выглядит как ирокез просто, да, такой?

— Как твоя, да, причёска в каких-то…

— Ну да.
— …лучших выпусках, видимо.

— Ну не в этом, да.

[Варя и Дудь смеются]

Слушай, а Берлин —
это же как раз вот это место,

где эта природа сочетается
с городом очень классно.
— Да.

Да, да, да. Это именно оно.

И ощущение какого-то,
не знаю, детства, что ли?

— Или Тушино?

— Тушино! Да-а.
А почему ты сказал «Тушино»?

— Ну, потому что твой родной район.

— Это мой район. Да, да, да.
Слушай, это была моя первая мысль,

когда мы сейчас вернулись сюда,
в Берлин: это очень похоже на детство.

То есть при том, что я давно не жила
в Северном Тушино, понятное дело,

но осталось какое-то впечатление, да,

из прошлого, такое
безоблачное аккуратное.

И я когда ехала из аэропорта,

я смотрю на всё это вокруг
и смотрю на эти листья —

и ощущение почему-то Тушино.

При том, что это вообще не похоже,
если смотреть на архитектуру, ещё что-то.

Но вот именно какое-то…
— Ну да.

— Да.

— А знаешь, что меня ещё в Тушино
интересовало всегда?

Что в Тушино есть одна улица
с очень интересным названием.

— Улица Свободы может быть?

Да. А я жила на улице Героев Панфиловцев.

— А-а.

— Она была… параллельно,
да, улице Свободы.

Хорошая улица. Там рядом
как раз Алёшкинский парк

а за ней Москва-река,
а там Речной вокзал.

Я москвичка.

— На Ютубе нет недостатка
в интервью тех, кто уехал

после начала полномасштабной войны.

Но у тебя, мне кажется,
особенный случай.

Ты одна из немногих,
а может быть единственная актриса,

известная актриса нового поколения,

которая не смогла жить
в России и уехала,

при этом русскость всегда
была частью твоего образа.

И со стороны кажется то, что
отказаться от российского рынка

для тебя — это, в общем,
карьерное харакири.

— Угу.

— Но несмотря на это ты уехала.

Поэтому мы наблюдаем
за тобой вот эти месяцы

и хотим понять, как это произошло.

При этом сразу спойлер:
мы практически не говорим

про какие-то политические тонкости.
— (Варя) М-м.

— Вот. Про геополитику,
перспективы России и всё остальное.

Хочется поговорить с тобой
с человеческой точки зрения.

— Угу?
— Хочется разобраться.

 Попробуем?

— Давай попробуем.

[Музыкальная перебивка]

— Que me sorprendió mucho.
– (Преподаатель) Sí?

— El miércoles-
– (Преподаватель) Sí?

— …«Barcelona» tiene
el partido contra Almería.

con muchos problemas ganó.
— Sí. Sí sí.

– Y el jueves, el día próximo…

— Sí, sí?

— …juega en Dallas-
— En Dallas, sí.

— …en los Estados Unidos
contra «América» de México.

– Sí, cierto.

– Por qué?

Porque es el partido comercial,

y pueden ganar 5 millones de euros.
 — Sí sí.

— ¿Pero entiendes que es
imposible en fútbol profesional

cuando tu equipo tiene
que jugar el partido a…

– 48 horas.

— No, no 48 — en 30 horas.

Y durante estas 30 horas, hay el vuelo

del 10-12 horas.

En la página web de deporte
más grande en Rusia

ahora mismo hay muchos comentarios

que Barça ahora de este tipo de padres,

que tienen que trabajar en dos
 lugares a para dar…

— ¡Qué comparación!
¿Para dar de comer a todos?

— Sí. ¡Es tan raro!

Pues imagínate

siempre que pongo al Barça
tiene este problema,

¿que puede pasar con otros equipos
más pequeños de España y Europa?

– Sí. Es verdad.

Мне в испанском — хотя не только
в испанском — ещё нужно прибавлять.

Но вы, если придёте учиться
в языковую школу FreeDa

и не будете прогуливать,

то очень быстро заговорите
гораздо лучше меня.

Поступление в языковую школу —

один из самых доступных
способов переехать в Европу.

Если вы выберите
супер интенсивный курс

обучения испанского языка во FreeDa,

то сможете получить
студенческую визу,

которая позволит жить, учиться

и даже подрабатывать
на территории Испании.

Подать документы на такую визу

 можно и из испанского
консульства в вашей стране —

в России, Беларуси, Казахстане,
Израиле и других —

и непосредственно из Испании.

А продлить визу можно тоже здесь,

не выезжая из Испании.

Со всеми юридическими вопросами
готовы помочь менеджеры школы.

Если у вас нет времени
на супер интенсив,

во FreeDa есть большой выбор
гибких курсов по 2-3 занятия в неделю.

Это отличный формат,
если вы уже находитесь в Испании

и хотите учить язык, чтобы
быстрее здесь адаптироваться.

Индивидуальные занятия тоже есть!

Все школы FreeDa аккредитованы
Институтом Сервантеса,

все преподаватели — носители языка.

Поступать на курсы можно
с любым уровнем языка:

и нулевым, и продвинутым.

Во FreeDa преподают испанский
и каталанский от A1 до C2.

Возраст студентов от 18-ти лет —
и дальше без ограничений.

Вся информация о том,
как можно оказаться в школе FreeDa

и выучить язык, на котором говорят
сотни миллионов людей по всему миру,

по ссылке в описании.

Переходим туда.

[(исп.) «Скорее!»]
¡Vamos!*

♪
(Дудь похлопывает)

[Музыкальная перебивка]

— Мы сейчас стопились.

И была произнесена фамилия Любецки.
— Да, да.

— Ну, поскольку здесь
камеры присутствуют,

почему бы кого-то так не назвать?
(Варя смеётся)

И ты нас удивила!

— Да? Я могу удивлять, да.

У меня с Эммануэлем
есть переписка в Инстаграме.

— (Дудь) С Любецки?!
— Да.

— С одним из главных операторов мира.
— С топовым оператором,

одним из моих любимых.

Когда мы учились на курсе
в театральном институте МХАТ,

нас было много человек —
и все мы были откуда кто.

Кто-то был из Таллина,
кто-то был из Молдовы,

кто-то там из Питера,
Нижний Новгород, в общем.

И у моего мастера Виктора Рыжакова
была такая мысль:

как было бы круто
съездить со спектаклем

в каждый город, откуда
вот есть его студенты.

И у нас была девочка, моя однокурсница,

одна из любимых вообще актрис.

Джордан Фрай. Она сейчас снова
живёт в Америке, она туда вернулась.

И вот, как бы, она американка —
и конечно была мысль поехать в Америку.

И вот, когда начались уже такие серьёзные,

значит, разговоры на курсе,
что: «Да, Америка.

Всё, едем в Нью-Йорк,
 там Baryshnikov Center»…

Там у нас ещё был Казимир Лиске,
на курсе преподавал,

и он там уже был, он был знаком.

То есть всё звучало,
как какая-то реальность.

Я думаю: «Так, ну я верю,
значит, в силу Инстаграма.

И я вообще такая, как бы,
открытая, такая общительная.

И я не стесняюсь писать…»

— Никому?
— Никому, да.

Правильно. «Никому».

И я написала Эммануэлю Любецки
сообщение в Инстаграме о том, что:

«Здрасьте, я такая-то такая-то.
Я актриса, студентка такого-то курса…

Вот мы с курсом возможно приедем
в Нью-Йорк, у меня есть мечта,

чтобы вы меня сфотографировали.

И вообще приходите к нам
на спектакль», — всякое такое.

И он долго не отвечал.

Не отвечал, не отвечал.
А я продолжала настойчиво ему

так, знаешь, иногда маякнуть,
типа, поздравить с Новым годом,

поздравить с Днём рождения…

А потом, в какой-то момент, в Инстаграме

появилась функция, когда
видишь, что прочитано.

И что-то я сидела,

снова написала что-то.

А! Потому что я выпила,
и я написала ему такая, типа:

«Что ты молчишь? Я же тебе написала!»

— Да?
— Серьезно.

И значит смотрю — «прочитано».

И я такая, потеряла вообще любое, как бы,

значит, стеснение,

и я ему пишу: «Ну ты же прочитал!
Почему ты молчишь?»

И спустя время мне выкатывается
такое огромное сообщение,

типа: «Здравствуйте.

Ой, извините: я не знал…

Я могу прочитать, но, в общем, далеко…»

— Настолько не надо,
тайна переписки, да.

— Ну типа: «Здрасьте, очень приятно
вас услышать», — ля-ля-ля.

«Если будете, конечно пишите».

Но мы просто не доехали до Нью-Йорка.
— (Дудь) А-а.

— И потом, когда мы были в Америке
уже по другим, тоже личным делам,

он в это время был в Мексике.

Но мы всё это время с ним, как бы,
в переписке, что я говорю:

«А я сейчас вот здесь вот…»,
«Я вот здесь вот…».

Я посылала ему сериал
«Чики» с субтитрами.

— Он посмотрел, нет?

— Ну, сказал, что да.

[*(англ.) «отличная работа»]
Сказал, типа great work*, но,
как бы, кто знает? (смеётся)

Мне кажется, тоже.
Почему он начал мне отвечать?

Потому что он подписан
на двух моих друзей,

двух моих фотографов-друзей,
уже скорее операторов,

и я часто мелькала у них в ленте,

И он лайкал фотографию со мной,
и я решила, что: ну раз

ты, наверное, меня как-то
уже, может быть, запомнил…

— В атаку!

— Я уже, как будто бы да, типа:
мы знакомы, ты мне ответишь?

Вот. И недавно, собственно,
вчера он лайкнул мой Reel.

Я такая: «Ни фига! Прикол».

— Ну это прямо ода настойчивости
сейчас прозвучала.

— А ты знаешь, видимо, это мой характер,
у меня так всё происходит в жизни.

— Ты ностальгируешь?

— Ну-у…

Ты знаешь, скорее нет, чем да.

Но когда я сейчас была на спектакле
у Марины Давыдовой,

там играла Чулпан Хаматова,
и в конце такой

пронзительный получасовой
монолог у Чулпан, где её героиня —

это Марина — вспоминает
эти свои родные улочки,

где она жила,

и я вдруг стала параллельно
вспоминать те улочки, где я жила.

Это было не только Тушино,
я вспоминала разные какие-то…
— Ага?

Там, школу-студию МХАТ.

Где мы жили, последняя наша
квартира на проспекте Мира.

Не могу пока определиться
с тем, что это за эмоция.

То есть это, как бы, ещё и не слеза,

но при этом это и не такая —
знаешь? — «светлая грусть».

Нет, это что-то пока ещё
очень неопределённое.

Я не знаю, что это такое.

То есть мне как кажется, как это
должно произойти: ты должна сесть,

открыть какой-то архив,

я не знаю, старых фотографий
или просто каких-то воспоминаний,

и вот начать, значит, об этом думать.

Ну, прямо посвятить этому время.

— А у тебя его нет?
— А у меня его нет.

— М-м-м…

Какая польза от грудных детей бывает!
— Да.

Очень, да. Всем советую!
Это на самом деле — спасение.

Может быть, я бы и хотела
посидеть и погрустить,

но просто не получается пока.

— (Дудь) Дети — лучшее лекарство от грусти?

— В моём случае да.
Я не знаю, как у других.

У меня так.

— Бдыщ, бдыщ, бдыщ, бдыщ.

— Данюся!…

— (Корней) Без.

— (Варя) Бомбера?
— (Корней) Да.

— Конечно можно.

Конечно я волнуюсь.

Вчера, когда все уже спали…

— Когда я говорил с Федей?
— Да.

Даня говорил с братом по телефону.
Корней уже спал, Лука спал — все спали.

На меня вообще напала какая-то…

— Хандра.

— Да не хандра, просто какая-то истерика.
Просто паника, а не хандра.

Просто какой-то звенящий ужас.

— А почему?

— Ну-у…

— Из-за сегодняшнего дня?

— Ну да. Вообще, из-за школы.

Короче, я поняла, что я вчера
плакала из-за себя.

То есть я вообще реально
не переживаю за Корнея,

потому что он супер
коммуникативный, добрый.

Он ходил здесь
в немецкий детский садик.

Конечно,
у всех первоклассников подарки.

А я за себя переживаю,

потому что я сходила
на родительское собрание…

Ну, типа, я не знаю языка вообще!

Я не смогу сейчас ему ничего перевести.

Не смогу сама ничего понять, что там
будет говорить директор школы.

Меня это очень сильно…

В общем, когда чего-то
не знаешь, это ужасно.

Давай, до встречи, Корней!
— До встречи!

— Жесть. Надо познакомиться
с родителями, мне кажется.

Мы сказали Корнею:
«Корней, тебя никто не вызовет

к доске».

Корней говорит:
«Со мной говорили больше всех

и больше всех вызвали к доске».

Ну что, поехали праздновать?

— А… сказать то, что мы хотели?

— Да, можно сказать.

— А в игровые автоматы не хочешь?

— Давайте! Пожалуйста, пожалуйста!
Мам, пожалуйста, пожалуйста!…

— Ты рад?

— Даня, пожалуйста, пожалуйста!
Мам, пожалуйста!…

— Окей.

Тогда идём в игровые автоматы.
— Ура!

Даня-я, йе-е-е!

— Вопрос, который, когда
война только началась,

звучал вокруг тех людей, которые были
в тот момент беременны, например,

или собирались
становиться родителями:

«Тебе нестрашно в такой мир
давать жизнь человеку…»
— Да, да, да, да.

— «…который вот попадёт в такой мир, где,
как ты говоришь, ""ад уже здесь""?»

— Да, да, да.

— Вы забеременели уже,
когда война давно шла.
— Да.

— У тебя хоть на секунду
мелькало что-то похожее?

— Секунда.

— А, да? Мелькала?
— Мелькала.

В момент, когда я сделала
тест на беременность

и поняла, что я беременна,
первую, наверное,

ну правда, минуту это была паника,

потому что непонятно.

Ну, вообще ничего непонятно:
что происходит, где рожать, куда ехать?

А потом, на следующий день,
всё стало намного лучше.

Я сходила в храм.
Я сходила к батюшке,

подумала, поговорила сама с собой.

И сейчас я понимаю, что это
было послано нам сверху.

чтобы…

чтобы нас спасти, не знаю.

— (Дудь) У Корнея есть Инстаграм.
— Да.

— Это его инициатива или ты?

— Это моя инициатива.

Это была наша, вернее, с Женей,
с папой Корнея, инициатива.

Мы ему это имя, типа, забронировали.

Super.korney.

Вряд ли кто-то захочет быть ещё
Супер Корнеем, но мы такие:

«Так, пусть это будет».

И потом решили выкладывать
туда его картины,

потому что он рисует красиво.

И мы думаем: ну будет
только его искусство,

не будет лица,
ничего пятого-десятого.

Мы у него не спрашивали
разрешения, конечно же.

Это было чисто, как бы, вот…

Такой, значит, сын…

Инста-сын, в общем.

А потом он в это втянулся.

Ну, он видит, что какая-то часть моей
жизни всё-таки проходит с телефоном.

Я что-то снимаю, и к чему-то
он с радостью присоединяется.

И пока что не было ни разу такого, что:

«Мам, ну не снимай!» или ещё что-то.

Ему это тоже нравится.

И он, мне кажется,
очень талантливый.

И я, как мне кажется, сделала
такой на будущее крючочек.

— (Дудь) М-м!

— Может быть, потом он мне скажет «спасибо»,
а может быть — и не скажет. Посмотрим.

— У тебя нет опасения, что это
превратилось в историю Гном Гномыча?

— Блин, ну я же не настолько,
как бы, жёстко-то всё делаю.

Нет. Я думаю, что нет.

Мне уже тоже, знаешь, про это…

Маколей Калкин, значит,
«Один дома» — вот это всё.

Но у нас по-божески тоже.

Мне кажется, это несравнимые вещи.

Гном Гномыч…

Некоторые друзья мои называют
Корнея Гном Гномычем.

— А! Да?

То есть не только… Ещё раз.
У меня нет такого впечатления,

но есть ощущение,
что в это может перерасти.

— Нет, они называют его только потому,
что у него такая же была причёска раньше.

— А-а.
— (Варвара) Не из-за того,
что это может перерасти.


— Ага!

— Ну да.

Не. Я думаю, что не-не-не.
Не перерастёт точно,

я пока в своём уме.

— Ты пошла к батюшке.
А это здесь происходило?

— Нет, мы были ещё в Москве.

— А-а, ты узнала,
что беременна, в Москве?

— Да. Я узнала, что я беременна,
перед тем, как лечить зубы,

(смеясь) и поэтому я…
Там никого не было.

Там были только врачи в смысле.
И я говорю «я беременна»,

и они говорят:
«Ну тогда без анестезии лечим».

(смеётся)

Это было не больно.
Это было нормально.

Это было терпимо.

Это было начало октября.
Дяня уже уехал,

а мы с Корнеем ещё были в Москве,
потому что у меня была смена в кино

и ещё что-то там, не помню что.

Доделывала всякие тоже дела.

В том числе зубы доделывала в Москве.
— Ага?

— Вот.

— В эмиграции сделать зубы гораздо
дороже, если кто-то не знал.

— У меня зубы всё,
теперь больше не болеют.

Да, и поэтому я прилетела сюда в Берлин,

здесь недалеко,
на Каштановую аллею, пришла

и рассказала Дане о том, что мы ждём…

— А удалённо ты ему не говорила?
— Не говорила.

— Ты сюрприз везла ему из Шереметьево!
— Да-а.

Да, везла.

Написала там письмо,

сделала майки себе, Корнею и Дане.

— Так?

— Значит,
у Дани было написано «Папа Даня»,

у меня было написано «Мама Варя x2»

и у Корнея было «Старший Брат».

И я ему рассказала здесь.

— (Дудь) А в письме что было?

— А в письме была такая подводка.

— Вы встретились.

— Да.
— Ты показала письмо?…

— Мы сели. Да, он прочитал письмо.
В конце письма я так подношу к нему

забинтованный с бантиком…

— Тест?
— Да.

Нормальный такой.
Ну большой, закрытый.

— Ага?
— И вот… вот.

— Как он отреагировал?

— Мы обнимались долго.

— Корней рядом прыгал так вот тоже.
Обнимался, потом снова прыгал.

Но он, по-моему, чуть попозже осознал.

— Слушай, ну это же получается:
у тебя муж уехал от мобилизации…

— Да.

— …и ты в разлуке узнала про беременность?
— Да.

— Ну очень в духе времени!

— Ну да.

— (Дудь) Очень в духе времени.
— Я ещё боялась то, что

Это такая новость, которую, ну,
нельзя сказать в мессенджере.

Эта новость, ну как мне кажется-
— (Дудь) Ну, да?

— Я думаю, что эти новости лучше
сообщать человеку с глазу на глаз,

особенно если он имеет к этому
непосредственное отношение.

Поэтому ту неделю практически,
что я так вот, как бы, молчала,

я никому в Москве
из подруг не рассказала,

никому из семьи не рассказала —

только вот на исповеди у батюшки.

— (Дудь) Вы рожали Луку в Аргентине.
— Угу?

— И я сказал, что есть ощущение,

что ты коллекционируешь
гражданства для своих детей:

Корней гражданин Америки,

Лука имеет право стать
гражданином Аргентины.

— Лука — гражданин только Аргентины.

— А, уже?

— У Корнея есть российский паспорт.
— Да.

Кто-то скажет: «Ну блин, это же очень
потребительское отношение к стране,

когда ты залетел туда только
родить ради гражданства».

— Ты знаешь, у нас…

Я не могу сказать,
что прямо в планах туда вернуться,

но, оказавшись там, мы поняли, что
вообще это очень интересная местность.

Учитывая, что у Дани есть испанский —
он учился десять лет в испанской школе.

— Испанский язык.
— (Варя) Испанский язык, да.
— Угу?

— В Аргентине говорят на испанском.

Да.

Это очень интересный вообще край.

И-и

потребительское отношение в том,
что мы получили паспорт и уехали?

Типа, родили и уехали?
— Угу.

— Если была бы возможность там
остаться, я бы там осталась.

Но у нас ВНЖ здесь,
у Корнея школа здесь.

И мы сделали очень многое, чтобы
попробовать здесь себя найти.

Я не исключаю того момента,

что мы через три года пойдём
все вместе жить в Буэнос-Айрес.

Я не знаю, что будет.

Это было бы интересно.
Там очень круто.

— У тебя в Москве был свой духовник.

— Ну да.

— А как часто ты ходила к нему?

— Когда мы начали быть с Даней вместе,

мы, мне кажется, ходили…

Ну старались ходить через
воскресенье точно, мне кажется.

— Сначала служба, а потом исповедь?
— Да.

— Или вы сразу к исповеди приезжали?

— Иногда сразу к исповеди,
иногда на службы, по-разному.

— А как это сейчас происходит?
Просто моя последняя исповедь,

может быть даже единственная,
была лет 18 назад.

— Угу?

— И меня всегда удивляло,
как это происходит.

То есть ты подходишь к батюшке.

Там очередь людей, которые
тоже хотят исповедоваться.

— Так?
— И до ближайшего,

ну типа, метров пять.
— (смеётся) Ну нет!…

— И… Нет, я не шучу!
Это Елоховский храм, метро Бауманская.

Замечательный храм, очень красивый.
— Хорошо.

— Но меня всегда смущало. То есть
я тогда, будучи подростком, вот,

я смотрел. То есть в целом,

человек, который вот так
с батюшкой секретничает о чём-то,

я, если бы напрягся, чуть настроить-
— (Варя смеётся)

Да ну, ну нет! (смеётся)
— …мог бы узнать всё!

Услышать, что он говорит.
— Ну нет.

— И вот это отсутствие
деликатности меня смущало.

Как это происходит сейчас?

— Слушай. Вообще отсутствие
деликатности меня тоже смущало,

когда я ходила в храм,

когда я была ребёнком, подростком.

Потому что в тот момент
это был не мой выбор,

это был выбор моей мамы.
— (Дудь) Да.

— Воскресная школа, вот это всё.

Безусловно, это принесло свои
какие-то, не знаю там, плоды.

Мне это нравилось,
там какие-то экскурсии.

Но в какой-то момент, когда я знаю,
что некоторые батюшки грешат тем,

что к тебе пришёл ребёнок,
рассказал какую-то историю,

какой-то грех свой.
А он потом к маме пришёл,

и потом мама дала…

— Такое бывает?!
— Такое бывает!

Такое бывает, и это было ужасно —

узнать об этом в таком подростковом
максималистском возрасте.

Там 14-15, тебе кажется, что: «Стоп…»

Ну типа: «Сейчас вообще стоп.

Я никому не верю, никому
не доверяю. Это всё чушь.

Это всё бред, это всё вообще,
как бы, иллюзия».

И очень сильно я разочаровалась во всём
этом на очень-очень долгое время.

А потом как-то так получилось,

что вот я встретила Даню,

и мы оба стали частыми
прихожанами храма Антипы.

И там не так.
Там нельзя услышать, Юр.

Там уже такая акустика.

Плюс ты же, когда батюшке
рассказываешь, ты не говоришь:

(Варя громко) «Короче, я к нему…!»
— «Я…!»

«Я мастурбирую три раза в день!»
— (Варя смеётся)

— Ну а с какими грехами я должен
был к нему идти в 16 лет?

Я думаю: «Как я сейчас это скажу?
Там просто вся очередь это услышит!»

— Блин. Ну, во-первых, можно
не так громко об этом говорить.

— А, ну это моя, возможно,
личная проблема. Да.

— Да. Если говорить конкретно
про исповедь сейчас уже,

в осознанном возрасте,
то конечно это не:

«Я поела на ночь». Конечно
это не про это, боже мой.

— Ну понятно, да.
— А про какое-то, да…

(Варя набирает воздух)
— Ну не про физическое.

— Не про физическое, да.
— А про то, что в голове.

— Да, да, да.
— (Дудь) И не на теле.

И в случае тоже беременности
мне стало просто настолько,

как бы, страшно первые вот эти секунды,
когда я понимаю, что я беременна.

И вот это был мой, да, порыв, я захотела.

Мне нужно было сделать это
именно в таком, как бы…

…в таком вот виде.

— А можешь коротко описать
или если есть на это ответ:

что тебе дают походы в церковь?

Почему тебе это нужно?

— Я не могу тебе ответить на этот вопрос,
потому что сейчас походов в церковь нет.

Помнишь, я тебе говорила,
что у меня нет времени на подумать?

И вот здесь какая-то такая же история.
Когда ты приходишь в храм…

Я себя так настраиваю, что: я сейчас
прихожу вот об этом чём-то подумать.

Люди называют это по-разному:
помолиться, исповедоваться, ещё что-то.

Когда ты приходишь в храм,
ты приходишь в эти обстоятельства,

в которых как раз лучше всего
думается о чём-то.

И для меня, скорее, это было…

Вот поход в храм — это
про вот это: остановиться,

побыть с собой наедине,
о чём-то поговорить,

о чём-то подумать,
о чём-то попросить.

— Ты в атмосферу идёшь?
— Да.

Это как ты идёшь в театр,
чтобы получить энные чувства,

ты идёшь в кинотеатр за вот этим,
в церковь ты идёшь за вот этим.

Конечно в церковь можно не ходить,
чтобы посидеть, помолиться, подумать.

Мне это надо было.

[Музыкальная заставка]

— Я правильно понимаю, что проблемы,

в том числе с работой,
у тебя начались задолго до войны?

— За год.

— Расскажи, пожалуйста, как это было.

— Пожалуй я начну с того, что я всегда
высказывала то, что думаю

и писала в своём Инстаграме
про то, что считаю важным.

Так было, наверное,
с 2009-го года примерно.

Я была на многих митингах, вела
оппозиционный образ жизни, мне кажется.

Но это никого не интересовало, пока
у меня было 5, 15, 20 тысяч подписчиков.

Когда я стала на виду, за мной,

ну, стало следить больше людей.

Как обычных, так, наверное,
и не очень обычных.

И после моего видео…

После моего видео-впечатления
о фильме Навального про дворец Путина

началась очень интересная
жизнь у меня в России.

Я об этом никому не рассказывала,
потому что понимала, что я могу

привлечь ещё большего внимания
ко мне, тем самым к моей семье

и тем самым порушить границы людей,
которые вообще здесь не причём,

поэтому о многих событиях не знают,
наверное, даже друзья.

Но после того, как я записала
видео, в котором я сказала о том,

что «какой замечательный
фильм про дворец Путина»…

Ну сначала там так получилось,
практически в этот же вечер

нас вызвали. Значит,
Рыжаков нас собрал всех,

мой мастер, и сказал, что: «Никто
ничего нигде не пишет, не говорит.

Ты, Варя, удаляешь пост».
Я говорю нет.

А потом у нас в театре закрыли
спектакль, где я играла.

Об этом тоже мало кто знает.
Спектакль назывался «Сбой системы».

Он был про систему Станиславского.

Мы не сыграли его ни одного раза.
У нас даже не было прогона на зрителя,

нам закрыли, как бы, его…

Закрыли, сказав то, что:
что-то там коронавирус.

А потом режиссёр позвонила в этот
Дом Станиславского с вопросом

типа, «а можно прийти на экскурсию?»
Они сказали: «Да, конечно».

То есть это не из-за коронавируса.

Но нам, понятно, никто
причин никаких не называл.

Мне после видео начало
писать очень много людей.

В поддержку и вообще
просто с какими-то словами.

В том числе и Яшин,
который скинул мне свою

заметку, как, значит, нужно
квартиру приготовить к обыску.

Я такая, типа:

«Илья, да ладно. О чём ты?» —

сказала я.

А потом, спустя какое-то время,

мне звонит мой младший брат
и говорит, что пришли домой

по месту прописки участковый.

Дома два моих несовершеннолетних
— брат и сестра, мама в пути к ним,

старший брат где-то тоже на пути к ним.

Я, ну, как бы, у себя там,

вышла из школы-студии МХАТ
после какого-то показа, я не помню.

А участковый пришёл,

чтобы, как бы, найти меня,
чтобы я пришла

и написала объяснительную
про своё видео.

— Так?

— К тому моменту,
когда пришёл участковый,

мне уже дали адвоката,
чтобы он просто был со мной.

Я не понимала, что происходит.
То есть по мне: я записала видео,

в котором сказала, что «классный фильм,
давайте все погуляем?»

То есть для меня это не было
каким-то шокирующим…

Я не думала, что это повлечёт
за собой такую, как бы, историю.

— (Дудь) Угу?
— Но параллельно

мне сказали: «Вот Варя,
возьми вот эту девушку.

Будь с ней на связи
просто на всякий случай»,

Яшин, который кидает мне видео

и рассказывает, как себя
нужно вести при аресте.

А там ещё параллельно
реклама со мной — её закрывают.

— Кого?
— Которая должна была выйти.

Реклама карточки «Мир».

Я снялась, но она не вышла.

И в этот момент я сижу на кухне

и-и…

…прощаюсь со своей профессией.

И я очень много плакала.

 Мне кажется, в последний раз
я так плакала вот именно тогда.

Я прощалась с тем, что у меня есть:

с ролями, с будущим в этой стране.

Дальше участковый
очень странно себя повёл.

Я ему сама звонила, он не брал трубку.

Потом ко мне пришли…
Ну, в смысле к маме пришли

в момент, когда я на сцене пою песни Цоя

и мне кажется,
я делаю что-то такое важное.

Сейчас прямо параллельно
вот здесь идут митинги,

а я пою Цоя — мне казалось, это круто.

— А где ты пела?

— Это было в «Современнике».

У нас был…
— Спектакль?
— …спектакль, да, да, да.

В этот момент у нас только там поклоны,
значит, песня «Перемен», последняя,

и звонит мама, говорит:
«К нам пришли из центра

по борьбе с терроризмом,
экстремизмом».

— К маме, потому что ты прописана там?
— Я там прописана, да.

Нет, к ней пришли из СК.
Из СК пришли,

а с центра… по цен… па…
Тьфу господи,

ещё выговаривать «центр по борьбе
с экстремизмом и терроризмом»

Это отдельно тоже мне звонили.

Вот там я встречалась с адвокатом,
мы с ней разговаривали, как себя вести.

Мы должны были вместе пойти на встречу.
И за день до встречи

я позвонила этому участковому,
который мне звонил,

я сказала: «Здравствуйте,
вот мы завтра с вами в 12:00».

Он такой: «Вы знаете, я посмотрел
ваше дело. Я не нашёл там…»

Как это называется?
— (Дудь) «Состава преступления».
— «Состава преступления».

— Так, а из СК пришли кто и зачем?

— Тоже к маме постучались, она сказала:
«Ничего не знаю, до свидания».

Дальше я попала, видимо,
в чёрные списки,

потому что меня не снимали
государственные кампании,

телевидение.

Снимали только независимые
кампании, друзья какие-то.

— А как это выглядит? Ну то есть
тебе просто перестали звонить и звать?

Или ты у кого-то уточняла,
что-то спрашивала?

— Нет. Понимаешь, не было такого,
что мне кто-то показал этот список

и я такая:
«А, всё, значит, я в списке».

Нет. Просто кто-то говорил,
ходили слухи, со мной сняли рекламу.

То есть мы понимали всё
без слов, всё было понятно.

И тогда у меня была, мне кажется,
серьёзная репетиция, видимо, эмиграции.

Потому что тогда я понимала:
«Так, я здесь не могу сниматься

и говорить особо ничего не могу здесь».

И это было очень, очень, очень жёстко,

потому что…

…не понимала, что делать.

Но я очень много плакала.

Я общалась с людьми, которые
не первый день в этой во всей истории.

Я подружилась на этой почве
с Михаилом Шацем, с Таней Лазаревой,

с Васей Сигаревым, с Яной Трояновой.

Помимо того, что я очень
много чего потеряла,

я обрела очень крутых единомышленников
и людей, которые меня поддерживали.

И тот же Илья Яшин,

тоже он приходил ко мне
на спектакль, мы с ним общались.

Но, понимаешь, мне казалось
таким это абсурдом!

Когда меня адвокат спрашивает: «У тебя
есть три дня, чтобы уехать из города?

На всякий случай».
Я сижу и думаю:

«А что я сделала-то, господи боже мой?!

Почему я? Я что, преступница какая-то?

Почему я должна уезжать из города?
Нет, не могу.

У меня там работа, вот ещё школа…
в смысле садик у Корнея.

У меня нет трёх дней уехать из города».

Ну то есть, если бы это произошло,
если бы я такое видео записала,

находясь в России вот сейчас, я думаю,
что всё бы было намного хуже.

И тогда — я говорю — мне кажется,
у меня была репетиция.

— Ты куда-то уехала
или в смысле репетиция ощущений?

— Репетиция ощущений.
Я говорю про репетицию ощущений.

про репетицию безработицы.

Про репетицию, значит,
какого-то отшельничества.

Ну и просто да, я столкнулась
и с цензурой, и с самоцензурой,

потому что до конца было
непонятно, как бы:

этот список есть или его нет?

Здесь, как бы, я снимаюсь…

Ну ладно. Окей. Здесь — это,
там, фильм Айсултана, да?

И это вообще не российская история,
здесь, наверно, как бы, можно сниматься.

Но при этом пару раз не хотели меня
выпускать в «Современнике» на сцену.

Мне говорили: «Попросили,
чтобы ты не выходила».

— И замену делают?

— Я выходила.

Я приезжала и выходила.

Три дня Виктор Анатольевич
не мог мне это сказать,

потому что он хотел
сказать это лично мне.

И я говорю: «Виктор Анатольевич,
я не могу, я уехала на дачу.

Давайте уже увидимся в театре».

А потом я узнаю, что, как бы,
там мне готовят замену,

потому что попросили,
чтобы я не выходила на сцену.

Я приезжаю, говорю:
«Виктор Анатольевич, как?!»

Но я в итоге вышла.
Но мы знаем, что случилось

с Виктором Анатольевичем
— его уволили.

Это не из-за меня, но я к тому,

что он тоже шёл на какие-то риски,
выпуская меня на сцену, видимо.

— (Дудь) Варя, где мы?

— (Варя) Мы в Берлине. В театре im Delphi,

который, мне кажется, не изменился
с момента постройки в 1929-м году.

— (Дудь) А ты готовилась.

— Немножко зашла в Википедию.
— А-а.

Просто это довольно
известное уже место

в эмигрантской среде.
— В среде. Да, да, да.

— Потому что я видел его здесь, когда
Михаил Зыгарь презентовал свою книгу.

— Мы здесь были, да.

— Михаил Шац здесь выступал.
— Выступал, да. И мы тут тоже были.

Да-а.
— А-а, ты не пропускаешь ничего?

— А ты знаешь, мы поняли с Даней,
с моим мужем, что мы дорвались.

Мы вот на всё, что есть:
это Валерий Меладзе,

скоро пойдём на Лию…
Нет, ну я перечисляю всё, что было.

Пойдём сейчас на Лию Ахеджакову,
были на Семёне Слепакове.

Кто-то был… А, Поперечный!
Господи, было просто супер!

— Здесь?

— Нет, не здесь. Он был в… называется
«Темподром». Знаешь, такой?…

Да. И там был огромный-огромный
чуть ли не стадион, и было очень смешно.

— Расскажи, что ты здесь делаешь?

— Мы… Вчера у нас была премьера.

Сегодня второй день
премьеры спектакля,

который называется
«Клуб разбитых сердец».

Мы изначально просто
в Zoom с друзьями созвонились.

И я была ещё беременна,
в Берлине сидела,

а ребята были в Дубае, мои друзья.

И они говорят: «Давай сделаем
один просто такой проект.

Типа, к 14-му февраля приурочим —
сделаем что-нибудь такое».

И мы за месяц сочинили в Zoom спектакль.

Безусловно, не сами. А у нас был
там драматург, был автор идеи.

Просто всё это основывалось
на наших каких-то

переживаниях, детских историях,
на каких-то

рассказах про мужско-женское,
мама-папа — всякое такое.

Родилась такая вот пьеса.

Мы сыграли её два раза в Дубае.

И это я ещё была беременна.

И я поняла, что очень классная
получилась история

и хочется её оставить и продолжать.

И хочется всем её показать, и вот поэтому
мы здесь своими силами всё организовали

и сейчас будем в других городах
тоже всё это организовывать.

— А я правильно понимаю, что это —
максимально такой DIY-спектакль,

в том смысле,
что продюсировал твой муж…?

— Ну…

— Ну что такое продюсировал?

— В этот раз. Да, конечно, всё организовывал.

— (Дудь) Организовывал твой муж.
— Да.

— И ты вместе с ним тоже договаривалась
с площадками и всем остальным.
— Да.

Все страховки, договоры, ИП.

— (Дудь) Страховки?

— Ну конечно. Мы здесь покупаем
какую-то специальную страховку —

вот этого я тебе точно не скажу,
это Даня знает лучше.

Но вообще там я открыла ИП,
вот это всё, я плачу зарплаты

нашему художнику по свету,
моему партнёру Мише…
— (Дудь) Ага?

— …этому пространству за аренду, налог…

Ну в общем, вот это вот
всё, всё, всё, всё.

Я предприниматель. (смеясь)

— А дальше я приняла обет молчания.

Я не комментировала и никак вообще

не только в соцсетях, просто в принципе.

Не обсуждала никакую политику,
ничего такого. Вообще ничего.

Если я хочу играть в кино,
в театре в России, нужно помолчать.

— Ты сама это поняла
или тебе это кто-то сказал?

— Мне сказали много человек разных,

ну просто взрослых наставников,
либо взрослых друзей,

либо просто, типа…

Ну да.

Как бы, это логично.

Если ты хочешь сниматься,
если ты хочешь зарабатывать деньги —

да даже не деньги,
просто если ты хочешь что-то делать —

надо быть…

И вот здесь нужно отсечь
от себя эту часть жизни,

общественную,
не знаю как ещё назвать её.

Для меня это не политика,
это что-то большее.

Это то, что касается меня напрямую.

Всё, что происходит в стране, —
мне кажется, это касается меня.

И мне говорят «только не об этом».

А как? Ну, это контекст.

Я год жила очень тяжело.

Понятно, что есть кому живётся тяжелее.

Я не хочу…

Я не хочу и не приукрасить,
что мне было тяжело,

но я не хочу это замалкивать,
потому что было правда тяжело.

Потому что мне было абсолютно
непонятно, как это возможно:

свобода слова в стране.

Где-то год, да, я молчала.
А потом началась война.

А потом началась война, но у меня
случился проект очень хороший.

— Какой?

— «Мир! Дружба! Жвачка!»,
третий сезон.

Я очень люблю этот сериал,
я люблю его создателей.

И я очень люблю Юру Борисова,

моего прекрасного друга,

с которым я мечтала сыграть,

и-и…

…я это сделала. Это была
одна из последних ролей.

— Приходилось ли тебе
к кому-то идти на встречу,

на физическую встречу,

чтобы тебе, как бы, пре-выйти
из этого «чёрного списка»?

— Нет.

— Ты знаешь, кто такой Новиков?

— Ну, примерно.

— Это помощник Кириенко,
который курирует культуру-
— (Варя) Да, да, да.

— …и считается ответственным за цензуру.

Я слышал, что есть актёры и актрисы

или актрисы, которые
ходили к нему на встречу

для того, чтобы узнать,
что нужно для прощения.

— Ну-у, я об этом слышала.

— Ты не ходила?
— Нет.

— Никаких контактов напрямую
с этими людьми у тебя не было?

— Нет, слава богу.

— То есть проект случился
просто потому, что…

— (Варя) Я помолчала.
— …чуваки предложили?

— Слушай, я думаю,
что я просто год молчала.

Я, типа, хорошо себя вела.
— (Дудь) А-а.

— Мне так кажется. У нас был кастинг
чуть ли там не 27-го февраля.

Мы вот так стояли около «Амедиа»
с Борисовым, курили одну за одной,

у нас такие глаза, как бы —
вот мы идём на кастинг.

И я говорю: это просто
был какой-то абсурд.

Ну, в тот момент.

Какой кастинг? Что происходит?
А-а-а! Невозможно.

Ну да, был кастинг. Мы там с режиссёром,
с Сухоруковым, встретились.

(вздыхает)

Нас утвердили…
В смысле меня утвердили,

и вот летом были съёмки.

— Летом были съёмки?
— Угу.

— Сухоруков к тому моменту,
по-моему, поддержал войну уже.

— Ты знаешь, а он и в этот момент,
когда у нас был кастинг,

он так, знаешь,
недвусмысленно её поддержал.

Мы зашли с Юрой в комнатку.

Ну, у нас на лице всё написано,
как бы, мы зашли вот такие:

синяки под глазами, мы все в мыслях
«что делать?», «как жить?»

И сидит Виктор.
Он в прекрасном настроении,

он только что вышел с проб, он играл.

Это такой, в принципе,
человек: он зажигает,

он очень здорово рассказывает.
И мы сидим с Юрой вот так вот.

Он говорит: «Молодёжь, вы чё!
Чё такое? Чё происходит?»

И мы такие:

«Да… Да, как бы…

Чё происходит? Да…
Вот чё происходит-то».

И он начинает свою шарманку,
что: э-это всё, типа…

Я и при этом работал актёром,
и при этом я актёр,

и при этом актёр, это всё неважно.

«Это наша жизнь,
нужно идти вперёд. Мы актёры!»

И вообще: «Хоть он и мудак,
но он мой мудак! Он наш мудак!»

И ты так вот сидишь.

— Сколько стоит арендовать такой зал?

— Блин, если не ошибаюсь…
Если я ошибусь, я тебе потом скажу точно.

Мне Даня скажет, но, по-моему,
это стоит 1500 в день.

— (Дудь) Евро?
— Да.

И нам сделали какую-то скидку.

Получается, мы взяли три дня, потому что
один день полностью репетиционный.

— (Дудь) Ага?
— Выставляли свет, звук, репетировали.

Вот вчера отыграли, сегодня играем.

— Так?
— Это ещё без учёта налогов.

Там ещё сверху налог, который
не называется, потому здесь

все знают, что он идёт плюсом,
это не оговаривается.
— Да, да, да.

Но за билеты, они стоят по €50-
— Да.

— …вы собираете больше и прибыль делите?

— Вот я тоже так думала,

но получается так,
что мы выходим в ноль.
— Ага?

— Но, по-моему, не очень много
мы зарабатываем, если честно.

Вот в данном, сегодняшнем спектакле.

— Переживаешь ли ты из-за этого?

— Честно?
— Да.

— Пока что нет,

потому что мне ценнее, что я,
в принципе, могу это сделать.

И для меня ноль — это уже, типа, супер.

Ну то если бы был минус,
я бы переживала. Ноль — супер,

потому что я делаю то,
что мне нравится, я радую людей.

Я понимаю, что я делаю что-то важное.

— А что?

Что важного?
— Во-первых, я актриса,

я не теряю сноровки.

Я продолжаю, ну,
быть действующей актрисой.

Вот. Ну и плюс, так как
мы придумали это всё сами,

я пробую себя не только в актёрском,
так сказать, амплуа,

но ещё и что-то из серии продюсирования.

До войны у меня вообще была мысль,
что я могу быть каким-то продюсером.

Не думала, что театральным,
но я так представляла себе, что…

Допустим, всё, актёрская деятельность
— забываем. Что я могу делать?

И мне очень нравится идея, что я
что-то собираю, как-то всех соединяю,

потому что я очень общительная,
я много кого знаю.

И вот я думала быть каким-нибудь
музыкальным продюсером.

Соединять этих с теми —

вот эти группы, которые не очень
известны, выводить как-то в свет.
— А-а.

— Продюсировать в классическом смысле.
— Ну да, да. Да.

— (Дудь) Сейчас тренируешься?

— Да. Видимо, да.

— Уехала ты осенью.

— Окончательно — да.

— Почему?

— Толчком стала мобилизация,
объявленная.

Частичная мобилизация, объявленная.

Но вообще было понятно, что здесь
для меня на данном этапе будущего нет:

я не смогу молчать,
мне будет физически плохо,

я не хочу никого подставлять —

поэтому нужно уехать.

— Сначала уехал твой муж.
— Да.

— (Дудь) Ну, потому что мобилизация.
— Да.
— (Дудь) А потом ты?

— Угу.

— Когда ты улетала, ты понимала, что,
возможно, ты долго не вернёшься?

— Ммм…

— Или думала, что: не, я не надолго?
Или: буду туда-сюда гонять?

— Я, скорее… Ну да. Я, скорее,
понимала, что я уезжаю надолго.

потому что я была уже беременна,
я об этом знала —

да, что мы ждём ребёнка.

В России я точно рожать не хотела.

То есть примерно я себе представляла,
что минимум два года

я, наверное, в Россию не вернусь.

Но ещё день был знаменательный,
особенный, моего отлёта,

потому что в этот день я вместе…

(прочищает горло)

Я просто после того видео,
где плачу, видео про Навального,

решила, что я не буду больше
нигде так сильно эмоционировать,

потому что эмоции отвлекают от сути.

(прочищает горло)

В день, когда мы с Корнеем
улетали в Берлин,

утром я со своими братьями и сёстрами
ходила провожать отчима.

Фу блядь…

Я не специально. Я вообще
не переживаю, мне кажется,

по этому поводу. Ну в общем…

Значит, в день, когда мы с Корнеем
улетали в Берлин — это было вечером —

утром мы, я со своими
братьями, сёстрами, мамой,

ходили провожать
в мобилизационный пункт Вадима,

моего отчима,

маминого мужа
и папу моих братьев и сестёр.

Вот. Поэтому я этот день
очень хорошо помню.

— А он… Мобилизационный пункт,
в смысле он прямо в армию ушёл?

— Да, он добровольно ушёл на войну.

— Сколько ему лет?

Около полтинника?
— Да, около полтинника.

— А ты его ходила провожать?

— Да.

— (Дудь) А зачем?

— Ну, во-первых, это был…

…последний день, когда мы
могли встретиться все вместе.

— (Дудь) Ага?

— Во-вторых, возможно, одна
из самых больших моих проблем:

я всегда старалась
быть хорошей дочкой

и делать так, чтобы маме было приятно,

поэтому мне казалось, что
ей важно, что бы я тоже была.

Ну вот. Поэтому я и пошла, потому что…

Фух-х, да что же такое…

Я пошла, потому что пошла вся моя семья.

Там звучали всякие песни,
типа Газманова,

стояла, типа, эта полевая кухня.

Мы покурили с Вадимом сигарету.

За несколько дней до этого
я узнала, что он уходит.

Я почему-то надеялась опять-таки,

что я смогу как-то переубедить.

Мне хотелось какого-то диалога.

У меня не было его номера,
я попросила его номер у Семёна,

у моего старшего брата,
который как раз мне рассказал

про то,
что Вадим пошёл в добровольцы.

И я…

Просто мне казалось, что…

Если говорить образно, мне казалось,
что человек прыгает с моста

и рядом стоит его семья
и аплодирует ему.

Так мне казалось.

И мне хотелось подойти и его удержать.

Но мы расходимся в…

Мы расходимся во многих вопросах,

и наш диалог, скорее,

ну наверное, нас не поссорил…
Нет, не поссорил.

Он оказался ненужным.

— Уточнение: у тебя нет его телефона?…
Ты никогда с ним не жила?

Ты уехала, когда…?

— Нет, я никогда с ним не жила,

потому что ну да, не было…
Мы никогда не жили вместе.

— А в чатике семейном его нет?
— Его нет там.

И мы никогда с ним
не общались практически.

Там очень сложная ситуация с ним.

— Окей, неважно.

У тебя не получилось переубедить?
— (Варя) Нет.

— А что он говорил?

— Ну, что «на родину напали».

— (Дудь) Ты не использовала аргумент,
что он идёт воевать за дворец Путина,

а не за родину?

— Ну конечно. Я говорила,

но в…

— Что он на это сказал?

— Что я сама еду в Германию,
типа, там всё будет ещё хуже.

— Ну ты же не убивать никого едешь.

— (Варя) Я понимаю, Юра.
— Невозможно быть убитой.

— Мне казалось, что странно уходить
на войну, когда у тебя четыре ребёнка.

Я не знаю, Юр. Это…

Невозможно же залезть
в голову к человеку.

— Как сложилась его служба,
он до сих пор там?

— Судя по фотографиям…

Сейчас, я пытаюсь понять, в какой момент
меня выгонят из семейного чатика.

Нет, он не там сейчас.

Он, по-моему, вернулся.

Но он иногда возвращался
и снова уезжал.

Сейчас, по-моему, насколько я знаю,

он в Москве.

— Ммм.
А чё он там делал, ты не знаешь?

— Что он делал на войне?
— (Дудь) На войне, да.

— Не знаю.

Я знаю только,
что он никогда не служил.

И месяц подготовки прошёл
недалеко от Москвы,

а потом они поехали, видимо, воевать.

Знаю, что было ранение.

— А-а, то есть он прямо
был где-то там, где…?

— Вроде несильное, я не знаю.

Я… Мы это не обсуждаем.

И со мной уж тем более
это никто не обсуждает.

— А они с мамой вместе по-прежнему?

— Э-э, да.

— (Дудь) А-а.

— Они с мамой не были вместе,
но сейчас они вместе.

— В смысле, война их сблизила?

— Да.

Вот такое тоже бывает.

— Жизнь — лучший сценарист.

— У мамы есть муж, а у детей есть отец.

— Ага.

Не, не. Я к тому, что это из-за войны
случилось или во время войны.

— Ты знаешь, да. Удивительно,
что многие вещи случились из-за войны.

У меня был один большой страх.

Он был основан на жизненном примере,
который я видела воочию.

Я очень боялась
перестать общаться с мамой.

Был такой страх, что мы
не будем с ней общаться,

потому что мама почти
не общалась со своей мамой.

И я это видела, и мне казалось,
это страшно, ужасно.

А сейчас вот мы не общаемся.
Ну практически.

— Правильно ли я понимаю, что ты на многие
компромиссы шла из-за этого страха?

— На очень многие, наверное.

Но, тоже, никто не мог меня заткнуть,
как бы. Если я пишу что-то,

мама мне откомментирует.
Но это было раньше.

Во-первых, мама сейчас,
по-моему, ушла из Инстаграма.

Я не знаю почему. Может потому,
что забыла код (смеётся),

пароль или сложно с VPN, не знаю.

Но очень часто: я что-то пишу,
мама мне комментит: «Удали!»

или «Ты че, дура, что ли?»

Вот. Мы не сходимся опять-таки
во многих вопросах.

А сейчас ну вот есть семейный чат,
но там он больше, чем семейный.

Там… да.

— Соседи?
— Ну типа.

Ну условно друзья, да.

Ну да. И такого общения,
тет-а-тет, у нас практически нет.

— Но ты сегодня кидала туда речь…

— Я кинула, да.
— Если это можно сказать?

— Да.
— (Дудь) Речь Саши Скочиленко.

— Да, сегодня утром я решила отправить
в чат последнее слово Саши.

Я понимаю,

что мы не похожи во многом.

Но есть какие-то вещи,
общечеловеческие,

когда вот понятно, что это чёрное.

Вот да, я не перестаю удивляться,
что кого-то может не тронуть

или не заинтересовать,

не появиться у тебя кучи вопросов
к этой системе после этой речи.

Но да.

— Что тебе ответили?

— Что она нарушила закон.

— Где твой ребёнок сейчас, младший?

— Какой из двух?

— (Дудь) Младший.

— А, младший. Он, мне кажется,
сейчас на пути сюда, в театр, с Даней.

— Ага. То есть с ним,
пока ты репетировала сегодня,

с трёх часов он был с Даней?
— Да, да, да.

— А-а, то есть для Дани
вообще никаких проблем?

У вас есть няня?
— Нет.

— А-а, то есть вы…? М-м-м.

— «То есть вы…? Угу!».
Слушайте, да, Даня прекрасный отец.

И несмотря на то, что это
его первый ребёнок,

такое ощущение, что он родился,
чтобы быть отцом.

— (Дудь) М-м!…
— (Варя) Вот просто моё восхищение.

— Когда ты ему в первый раз
оставила ребёнка?

— Типа, ушла прямо ушла?
— «Я ушла по делам», да.

На несколько часов.

— Ну…

— Какая… Сколько было тогда малышу,
четыре недели, две?

— Ну близко к правде, да, потому что
мы же были в Буэнос-Айресе.

И мы тоже там играли спектакли.

Тоже всё организовывали сами,
и Даня тоже был нашим директором.

И он сидел на входе, встречал гостей.
У него здесь вот спал Лука,

а я уже в этот момент
заряжалась и готовилась.

И это было ему меньше месяца
точно, получается.

Ну тогда они просто спят и всё, больше
ничего не делают, поэтому нормально.

— В Дубае ты играла этот же
самый спектакль в феврале.

— Да.
— Это получается, типа,

четвертый-пятый месяц беременности?

Середина срока?
— Ну да, да, да, да.

— И как играется, когда ты беременная?

— Да супер!

Нет. Ну, все вокруг думают,
что что-то может случиться,

пытаются меня как-то обхаживать,

а всё примерно то же самое.

Я такая же энергичная и сильная,

просто платье чуть-чуть
завязывается по-другому,

и всё так же.

— Твою семью многие
могут визуализировать.

— Да.
— Просто ты довольно открытый человек,

ты часто про неё рассказывала
в выпуске с Ксенией Собчак.

Вообще всем составом ходите по…
— Да, это я так захотела.

— (Дудь) Да, по Северному Тушино.
— Северному Тушино!

«Вся Москва разрушена —
осталось только Тушино»!

— Мне кажется я легитимен в том,
чтобы спрашивать про эту семью,

поскольку ты сама её,
в общем, в public выставляла,

и они сами были не против появляться
на много миллионов просмотров.

— Угу.

— Вы производили впечатление
такой, как бы, тусовки,

у которой могут быть проблемы,
но вполне дружной.

Такая многодетная семья, какая
она примерно всегда и бывает:

с проблемами,
c разногласиями, но семья.

Как вы переживаете войну?

Твоё отношение с мамой я понимаю.
— Угу?

— (Дудь) Папа?
— (Варя вздыхает)

Ты знаешь, вот здесь, видимо, какой-то
вообще обман многодетной семьи,

потому что «если семья многодетная,
значит, наверное, она дружная».

— Я так не говорил.
— Нет. А я просто говорю, что

 ты не первый, кто меня спрашивает
про семью в таком ключе, типа:

«Ну вы же ах!
Вы, наверное, же ух там!» —

всё вот это вот.

Мы, наверное, «ух!», но,
видимо, в разные стороны.

Это тоже такой образ, который создан
в том числе и мной в соцсетях.

Потому что действительно
я считаю, что мама — героиня,

у неё шесть очень классных детей.

Она большая молодец,
она воспитывала их всех сама.

Мне кажется важным об этом говорить.

Но то, о чём я не говорила по разным
причинам, совершенно другая сторона,

о чём бы я хотела говорить, я не могла,

потому что я тогда расстрою маму.

И поэтому я просто не говорила лишнего.

Я говорила про хорошее,
не говорила про плохое.

А плохое, как и в каждой семье,
конечно же есть.

И в вот этом образе

радужном, семейном,
я очень надолго задержалась.

Мне от этого сложно, потому что
сейчас на самом деле не так.

Отношения с родителями.

Ну как сказать? Они есть какие-то.

Наверное, правильно сказать,
что их нет каких-то.

Но у нас нет, как таковой,
допустим, ссоры с папой,

мы просто редко общаемся.

Мы очень друг друга любим,

перекидываемся там
фотографиями, вопросами,

поздравлениями
с Днём рождениями, с Новым годом.

Но так было практически всё время,
как они с мамой расстались.

Очень давно.

Мы поддерживаем связь,
но так, очень аккуратно,

очень на расстоянии.

У нас, как бы, мама главная в семье.

И с мамой отношения плохие.

У нас нет диалога,

и боюсь, что не было никогда.

Появился…

Появился за год до войны.

Я даже офигела,
как мы начали общаться.

Начнём с того, что мы чуть ли не каждый
день списывались, созванивались,

что ОЧЕНЬ странно для меня.

Я никогда в принципе…

Я в этом смысле смотрю на Даню,

своего мужа, который
сегодня тёте позвонил,

завтра дяде, тут брату, тут папе,
тут бабушке, тут маме,

тут семейный чат, тут значит видео
— я такая «вау», это круто.

У меня такого нет и не было.

Я никогда не отчитывалась.
Ну когда вот уже выросла,

когда мне исполнилось 18 лет,
когда я ушла из дома,

всё: я ни перед кем
практически не отчитывалась.

Я просто играла роль хорошей дочки.

Я ходила в храм на праздник,

ездила там к такой-то тёте
что-то передать, отдать

или там вот сюда,
потому что мама попросила.

Потому что мама попросила,

а на самом деле,
я не всегда это хотела.

Но мне казалось: так,
ну мама же попросила.

Я могу это сделать?
Я могу это сделать,

и я это делала.

Вот.

Со страшим братом отношения тоже
очень сложные, напряжённые,

потому что он старший.
У нас история подольше.

Тоже мы с ним различаемся
во многих аспектах.

(Варя вздыхает)

С младшими братьями, сёстрами
я не так близка, как мой старший брат,

который в какой-то момент
заменил им фигуру отца.

— Когда твой отчим уходил?

— Да, когда отчим ушёл.

И Сёма стал, ну, папой.

Я, наверное, в меньшей степени,
потому что…

Нет, в смысле, я была помогатором:

сидела, гуляла, меняла.

Вот к вопросу про Машу Шалаеву.
Мы с ней вместе гуляли

на детской площадке.

— Мария Шалаева — ещё одна актриса,
которая уехала после начала войны.

— Да. Она гуляла со своим
Нестором, сыном.

Я гуляла с Тёмой, с моим младшим
братом, которому сейчас 19 лет,

значит, Нестеру тоже,
наверное, сейчас 19-20.
— Вы жили рядом?

— Мы жили в соседних подъездах.
— (Дудь) А-а.

— Это полный прикол!

— А «Русалка» была уже тогда?

Вот! Это полный прикол.

Значит, мне, по-моему, рассказала о том,
что у нас живёт в подъезде актриса, мама,

потому что она везде там,
всё там видит, знает.

И действительно оказалась Маша, она,
по-моему, студенткой ВГИКа тогда была.

А я тогда занималась в детском театре,

я только-только хотела,
мечтала куда-то поступать.

И её потом, по-моему, отчислили.

И вот она мне рассказывала,
какая это сложная профессия.

И она позвала меня на премьеру
в «Октябрь» на «Русалку».

Это был…

Это был полный улёт!

Я не помню какой год выхода,
но мне нет, по-моему, 18-ти.

То есть мне ещё условно мало лет-

— И тут живой Цыганов.
— …и я вижу всё!

Я вижу там Кончаловского, Стычкина.

Я не знаю, там были все!

Там бесплатная еда!
Бесплатный алкоголь!

Маша стоит на камеру,
говорит — ну, интервью.

И я с ней здороваюсь, типа «привет!»

Ну здороваюсь, мы же вот дружим,
с детьми гуляем на площадке.

Это вот моя подруга актриса.

Было просто невероятно, что это было.

И фильм «Русалка» просто
навсегда в моём сердце.

И любовь к Анне Меликян оттуда,

и любовь к Маше,
к невероятной просто её природе.

Да. Так возвращаясь к семье,

я пыталась поддерживать

ощущение того, что у нас такая
большая дружная семья.

— В паблике ты имеешь в виду?
— В паблике, да.

Потому что я не знала,
как правильно об этом…

как говорить правду.

Она слишком сложная.
Это слишком сложно.

А во-вторых, я не вру:
у нас большая классная семья.

— Просто не договариваешь.
— Просто не договариваю, да.

Но вот когда мне стало
восемнадцать лет, я ушла,

я стала жить со своим
будущим мужем, Женей.

И допустим там с Агриппиной
— это моя младшая сестра,

самая младшая — у нас
самые оторванные отношения,

потому что я, ну, совсем уже
не присутствовала при её становлении.

Не знаю, как сказать?
— Взрослении, угу.

— Да. Ей пока одиннадцать лет, да.

И есть вот эта оторванность от семьи.

Началась она лет в восемнадцать.

Мы иногда общаемся с ребятами:

с Маней, с Тёмой, с Васей, с Граней.

У нас есть чатик свой,
там только дети и я.

— Ты сама сказала, что Ксении Собчак
ты предложила погулять вместе.

— Да.

— А попробуй описать: для чего ты
это сделала, если всё так сложно?

— Тут у меня есть другая штука.
Сейчас тоже постараюсь объяснить.

Я из простой семьи,

у меня не было никогда какого-то
блата, там ещё чего-то.

И для меня то, что я чего-то добилась
самостоятельно, — это круто.

Я классная.
Я сделала большую работу.

— Не только для тебя,
это действительно круто.

— Вот. И мне казалось, что…

Я хочу этим поделиться, типа, со всеми,

с моей семьёй.
— (Дудь) А-а.

— Это тоже большая часть меня,
это, как бы, тоже я.

Мы в моём родном районе,
здесь я выросла.

Вот моя мама, вот мой папа,
вот мои братья и сёстры.

— Поделиться кайфом и вниманием.
— Да.

Да, да, да.

Сейчас пф-ф…

Пф-ф… Я об этом не думала,

но сейчас, наверное, ну, так себе жест.

Потому что действительно
это даёт право зрителям

обсуждать, задавать вопросы
и вообще интересоваться,

потому что я показываю.

— (Дудь) Скажи, а что за кокошник
вот слева от тебя?

— (Смеясь) Слушай, я его купила,

мне кажется, за дня два,
как я улетала в Берлин.

— (Дудь) Из Москвы?
— Да, из Москвы.

Во-первых, мне кажется,
что это стильный аксессуар.

Но ещё я подумала, что: вот значит,
я еду в Германию из России,

и меня зовут Варвара,
и у меня русская коса,

и это какой-то вот
символ моей русскости.

Мне кажется, мне ещё это всё
идёт, вот этот кокошник.

Я решила, что я буду
здесь использовать его.

На мероприятия ходить,
на спектаклях играть.

— (Дудь) С тобой часто обсуждают
вот эту вот русскость.

— Русскость? Ну посмотри на меня.

— (Дудь) Да. И про то, что ты амбассадор
такой классической русскости.

Тебе это норм,
или тебя это запарило уже

за годы известности,
которые у тебя есть?

— Ну, начнём с того, что годы моей
известности не такие уж и долгие,

поэтому нет. Ну и плюс,
я же смотрю в зеркало,

я же вижу: передо мной сидит
женщина с косой, рядом кокошник.

И я трезво смотрю на вещи, понимаю,
что конечно об этом будут спрашивать.

Учитывая, что, типа «если актриса,
она должен быть такая, вот такая»,

а я особо никак не подстраиваюсь.

Мне как удобно в косу
забирать волосы лет с 12-ти —

вот я так и хожу, вот мне так удобно.

Поэтому наоборот даже.

— (Дудь) Это органичная среда?
— Абсолютно, да.

Абсолютно.

— Твои братья учатся в кадетском классе.

— Да.

— И уже после начала войны
было какое-то мероприятие —

я в Инстаграме у твоей мамы это видел —

когда вы все вместе пришли.

Я не знаю, что это: присяга,
или выпускной, или что-то ещё.

Он в кителе в вот этом, в кадетском.

Ну и какое-то мероприятие, ты там
его обнимаешь, и всё остальное.

— Это линейка была, 1-ое сентября.

— По-моему, это весна была.
— (Варя) Весна?…

— Ну, тёплое время года.
Может быть, это было 1-ое сентября.

С какими ты чувствами туда приходила?

— С противоречивыми. Ну конечно.

— Если что я напомню,

что армия нужна в любом государстве,

но просто, по сути,
они примыкают к тем,

кого готовят не только — а в данном
случае не столько защищать родину —

но и нападать.

Какие у тебя были чувства?

— Противоречивые, Юр.

— Ну а что это?
— Я…

Если бы это были мои дети,
они бы не учились в этом училище.

Это, к сожалению, не мои дети.
Это дети моей мамы,

и пока им нет 18-ти лет,
она решает, как им жить.

Так же жила и я.
Пока мне не исполнилось 18 лет,

я была больше под маминым, как бы,

наставничеством.

И вот мне уже 31, я взрослый человек,

у меня двое детей.

Но мамино наставничество
где-то всегда здесь мелькает,

и никак я не могу от этого избавиться.

— Ты работаешь как-то с этим?

— Да.

У меня была очень
сильная первая терапия,

когда я была в первый раз беременна.

У меня случился какой-то… Ну, я думаю,
женщины многие меня поймут.

Случается такой…

вопрос самоидентичности. Вообще,
как бы, «Кто я?», «Что происходит?»

Особенно, когда в тебе
зарождается новая жизнь,

распирает не по-детски.

И тут у меня встал вопрос,
как бы, «А кто я такая?»,

«А кто такая моя мама?»

И я понимаю, что, если я не знаю её,
значит, я не знаю себя!

А если я не узнаю её, я не узнаю себя!…

Я вообще…

Случился очень сильный такой кризис.

И случилась психотерапия —

и я начала смотреть
на какие-то вещи по-другому.

Отделяться.

— Сепарироваться?
— Сепарироваться, да,

несмотря на то, что я давно
уже жила своей жизнью,

отдельной, никак не связанной.

Но мама такой человек,
от неё сложно сепарироваться.

— Помогло? Та терапия.

— Ну временно.
— (Дудь) А-а.

— Временно помогло.

Потом были ещё
походы к психотерапевту.

Я думаю, что сейчас…

я на верном пути.

Видишь: даже в другую страну уехала.

— Хотя мама всегда была против?

Ты рассказала в интервью, что после
того, как у тебя Корней родился,

который гражданин Америки в том числе,

и у вас заходил разговор
о возможном отъезде,

и она категорически сказала,
что очень плохо к этому относится.

— Ну конечно.
Мама патриотка своей страны

В том виде, в котором…

(Вздыхает) В общем, у нас с мамой
разные тоже понятия о патриотизме.

— А у тебя какое понятие?

— Я бы не отпустила мужа на войну,

не отдавала бы детей
в Суворовское училище,

в кадетское училище.

Мне кажется, патриотизм в том,

когда ты можешь быть
в диалоге со своей страной,

начиная с малого там: района,
соседства — вот это всё.

Когда твой голос может быть услышан,
и ты знаешь, что у тебя он есть.

Твой голос. Гражданина. Человека.

Но так же, как и с нашей страной,
так и в моей семье, голоса нет.

Лет до 18-ти — в случае с семьёй.

А в случае со страной,
как мы видим, голоса нет вообще.

Это очень тяжело
для тех, у кого голос есть.

Ну, видимо, вот. Кто-то уезжает,
а кто-то смиряется. Не знаю,

я не могу.

— То есть ты с двумя диктаторами
жила долгое время?

— Я так правда маму называю, «диктатор».

Ну это правда так.

Не умаляя всего того хорошего, что есть,

в том числе мой характер,
моя целеустремлённость,

моё чувство юмора,
моя небесная красота.

— Твоя возможность
прорваться даже к Любецки.

— В том числе, и в принципе

это всё безусловно
и мамины заслуги тоже.

Но я понимаю, что,
глядя на своих родителей,

это, скорее, пример того, как не надо.

Но это тоже пример.
И я очень благодарна, что он есть,

потому что я на него смотрю —
и делаю, просто по-другому.

— Ты рассказывала, но сбилась,
что у тебя был момент,

когда вы с мамой сблизились.

— А, да! Мы начали вдруг
общаться очень хорошо.

Это случилось после моего развода.

Я вдруг увидела в маме
вот этот вот диалог.

Мы начали общаться!

Ну, так сложно объяснить. Просто
обычно у мамы это монолог,

есть только её мнение
и больше никаких других.

Но тут что-то я ей там рассказывала,
и она мне рассказывала,

и чем-то мы делились друг с другом.

И было очень здорово.
Мне очень это нравилось,

потому что, ну, в общем,

хорошо, когда есть…

Хорошо, когда хорошие отношения,
в общем, у тебя с мамой.

И мне это очень нравилось.

А потом случилась война,

и мы стали, ну, по понятным
причинам общаться меньше.

А потом совсем всё стало плохо.

Иногда бывают просветы,
но отношения, к сожалению,

да, испорчены,

потому что я «предатель».

— Тебя так называли?
— Да, мама.

— А почему предатель? Потому что ты…?
— Потому что я уехала.

— (Дудь) А-а.

— Когда я выходила на Болотную,
я — «дура, идиотка».

— (Дудь) У тебя есть главное
театральное впечатление в жизни?

Когда ты что-то увидела, например,
как зритель, и просто охренела!

— У меня два, два таких впечатления.
— (Дудь) Да?

— Которые вот самые яркие,
потому что они самые первые

и они, мне кажется,
останутся со мной навсегда.

Первое — это спектакль
в театре «Сатирикон» в 2009-м году.

Поставил Бутусов

спектакль по Ионеско «Макбетт».

Я тогда просто о…

…фигела

от того, какой может быть театр.

— (Дудь) А какой?
Объясни мне, как не театралу.

— Там случилось всё,

начиная от актёрского состава —

это золотой состав театра «Сатирикон»:

это Трибунцев,
тогда ещё Максим Аверин,

Денис Суханов, Агриппина Стеклова.

Ну это невероятная сценография!

Ты погружаешься в какой-то
отлетевший мир,

ты веришь досконально всему
тому, что происходит,

как это передаётся, как это де…

А, ну Райкин конечно же!
Господи, конечно же Райкин.

Этот масштаб,

и все метафоры, и какие-то
художественные задумки

Но при этом такое же по мощи
впечатление — это спектакль Рыжакова

в маленьком театре
«Практика», на сто мест.
— (Дудь) Ага?

— Который называется «Рыдание»,

в котором одна артистка
играла трёх персонажей,

её зовут Света Иванова-Сергеева —

тоже мой педагог из школы-студии МХАТ.

И вот она 1,5 часа на сцене одна,

но впечатлений так же, как от Бутусова,
столько же — только там один человек.

И мне безумно нравится, что
со мной, как со зрителем,

можно произвести какое-то
невероятное действо.

Когда вот такое маленькое,
что-то камерное.

И когда «Сатирикон» вот этот:
когда там моются прямо на сцене,

там вода, и какая-то гроза,

и там какие-то ведьмы летают,
и отсюда пошло, и отсюда поехало —

и один человек.

Очень круто.

— (Дудь) М-м-м, как у тебя проявлялось?
Ты просто обалдевшая была

или у тебя какие-то другие эмоции были?

— Ну во-первых…

— (Дудь) Ну слёзы вдруг, не знаю.
— Да пф-ф!…

Да я после Бутусова… Значит, находится
театр на станции «Цветной бульвар»,

оттуда ещё было ехать на троллейбусе.

Я вот как…

— (Дудь) Сейчас «Марьина роща» там,
по-моему, есть.

— Да! Точно. А подожди…
— (Дудь) Но тогда не было.

— Не было, да. Не было,
я ехала на троллейбусе точно.

Вот как я вышла со спектакля,
вот как я села на троллейбус,

вот я начала плакать.
Вот доехала до «Цветного бульвара»,

потом села на метро,
доехала до «Сходненской»

и вот пока шла до дома, я плакала.

Настолько меня…

Ну, как бы, я увидела,
каким может быть театр.

Со всех сторон.

И тут, безусловно,
впечатление об актёрах,

про которых я думала, что они боги.

Режиссёр, который всё это придумал.

Как они говорили, что я видела,
какие смыслы — в принципе, просто всё.

Просто вот всё.
Свет, звук — абсолютно всё.

И в то же время такой же накал внутри
от спектакля с одним человеком.

И конечно же,
когда я смотрела на Свету,

я сидела и загадывала себе,

чтобы вот бы однажды кто-то
так же на меня смотрел,

как я сейчас смотрю на Свету.

— Кто-то спросит: «Ну вот ты же
могла оставаться в России…»

В России остаётся
много актёров и актрис,

которые не зигуют публично,

которым не приходится ездить
на оккупированные территории,

которым не приходится
высказываться публично за войну —

ну, как правило,
это молодёжь касается.

И они продолжают сниматься.

То есть единственное их условие
— это молчать.

«Ну что, ты бы так не смогла разве, Варя?» —

спросит тебя кто-то.
Это не мой вопрос.

— Я бы так не смогла.

Я так пожила год,
я начала сходить с ума.

Мне стало просто плохо,

потому что это мой
инструмент, во-первых,

которым я играю и которым я общаюсь.

В том числе это одна из сильных
моих сторон, я не знаю, — голос.

В плане актёрского голос —
подачи, вот этого всего —

и просто, в принципе, у меня
есть голос, и мне есть, что сказать.

И я не могу жить вне контекста.

Когда рядом пролетают беспилотники,
уходят куда-то призывники,

новостная лента
взрывается сообщениями

о «вагнеровском» этом нашествии —

разве это не контекст
твоего происходящего

на момент 2023-го года в Москве?

Меня так учили, и в театре в том числе:

очень важен контекст.

Как ты можешь сейчас
играть без контекста?

Да, наверное, скажет мне
кто-то тоже там из зрителей, что:

ну вот в сложные времена
так и создавались великие

подпольные произведения,
студии скреплялись,

шёл какой-то язык,
метафорический, ещё что-то.

Пожалуйста.
Если вы так можете, если так умеете,

если у вас есть на это силы —
пожалуйста. Я так не могу.

Я так год пожила…

…выход был один: мне нужно уезжать,
если я хочу говорить.

Если вы заметили тоже, зрители,
я не оголтелая активистка,

я никакая не политическая фигура.

Я просто человек,
у которого есть мнение,

который считает, что в том, что если
я его выскажу, нет ничего плохого.

Это моё мнение, которое я хочу
высказывать. Для меня оно важно.

И вот такое моё мнение очень быстро бы
сейчас скрутили, мне кажется,

где-то там, на подписании
какого-нибудь съёмочного договора.

— Мнение, что ты против войны?

— Да.

[Музыкальная заставка]

— (Дудь) Как ты обживаешься здесь?

Мы снимали, как ты какого-то
сентября ведёшь Корнея в школу.

— (Варя) Ага?

— Ты на тот момент вообще
не говорила по-немецки.

— Да.

— Сейчас?
— (Варя смеётся)

[*(англ.) «Совершенно так же»]
The same*. Я не говорю по-немецки.

Я знаю какие-то… «Здравствуйте»,
«Спасибо», «Пожалуйста»,

«Дайте там…», «Меня зовут…»,
«Я оттуда-то…».

Я пока что не учу немецкий.

У меня в голове точно пока
не уложится новый язык,

пока я кормлю грудью.

Я не помню, что было вчера.

— А!
— То есть у меня просто, как бы,

всё, что есть во мне полезное,
уходит в молоко, мне кажется.

Поэтому у нас за это отвечает
пока что Корней и Даня. Я…

— А Даня учит?
— Даня учит, да.

— А Корней? Смотри, он же тоже шёл,
вообще не зная ничего. То есть он шёл…

— Но Корней занимался онлайн,

Корней ходил на занятия в группу,

Корней ходил потом в садик сюда,

то есть у Корнея была
подушка безопасности.

На прошлой неделе он просто
заговорил по-немецки.

— В эмиграции это называется по-разному:

«переключение тумблера»
или «гарантированное чудо».

В какой-то момент они просто «оп!» —

и начинают говорить.
— Угу.

Но у него понятно, что пока
словарный запас не такой обширный,

но это было сделано,
как бы, случайно.

То есть не случайно, а…
— Естественно.

— Это было естественно. Я не говорила:
«Корней, поговори со мной по-немецки».

Но я конечно же иногда это говорю,
потому что мне интересно.

Он же ходит в школу,
где все говорят на немецком,

учителя практически
не говорят по-английски.

Он по-английски может
тоже что-то сказать.

И мне было интересно:
а как он вообще живёт?

Как это происходит? И мы иногда:
«Ну Корней… ну поговори…»

И нет, он не говорил. А тут мы
куда-то шли с Лукой и с Корнеем,

к Дане в библиотеку.

И он вдруг начал: «А когда мы
придём к Дане?» — по-немецки.

«А потом, когда мы домой придём,
что мы будем делать?»

Начинает рассказывать про школу.
А я иду,

и знаешь, это чувство,
когда хочется не спугнуть,

а так сильно распирает от радости.

И я так иду как ни в чём не бывало:

«Даа, идём сейчас домой, потом это…»

«А вот здесь что ты сказал?»,
потому что не до конца понимаю,

ну, немецкий язык.

Было смешно однажды.

На одном мероприятии подошёл
маленький ребёнок к Луке

и что-то спрашивает, и мне кажется,
что он спрашивает, как его зовут.

Я говорю: «Лука! Лука!» А Корней говорит:
«Мам, он говорит: сколько ему лет?»

— Кто-то посмотрит и скажет: «Да-а-а…

Радуетесь, что
не на русском говорит ребёнок.

Было бы чему радоваться!»

— Некоторые посмотрят
и ещё чего другое подумают.

А в целом, вообще всё равно.

— Ты говорила, что разговоры
с друзьями из России, с коллегами,

как правило, начинаются с вопросов:
«Как дела? Есть ли работа?»

— Да.

Так и есть.

В первое время, когда мы только
переехали, это очень сильно раздражало,

честно, потому что мы
только месяц в Берлине!

Ну типа, про какую работу
вы говорите? Как?

Мне нужно понять, как переехать
с одной квартиры на другую,

как поймать этот Termin.

Здесь очень сложная ситуация с Termin.

И если в том году нам ещё повезло,

сейчас намного сложнее получить
ту визу, которую мы получили.

И с Termin тоже,
там на полгода вперёд.

Короче, очень сложно.

Это я к тому, что мы приехали
и только сейчас, спустя год,

вот ты был, вы были,
у нас случился спектакль.

Плюс вообще-то я ещё была беременна,
у меня были другие заботы —

не до работы.

А так, мне кажется, что главное,
что бы было желание и силы.

Можно кем угодно
постараться устроиться.

Я отправляла свои портфолио
во всякие модельные агентства.

У нас сейчас Корней, он подписан
на одно агентство немецкое,

нам прислали кастинг, и там…
Ну, прислали Корнею,

но там ещё есть перечень,
что там нужен мужчина 30-35,

женщина 25-35, младенец.

И я такая: «Так, так, так.

Это получается,
мы все-все-все можем…?»

— Соискать.

— Да. Почему бы нет?
Можно записать кастинг и отправить.

Может быть, получится.

— Слушай, но когда про Корнея идёт речь,

у меня ощущение, что я
с Яной Рудковской разговариваю.

— Я слишком много про него говорю?

— Нет, нет, нет!
Что я сразу вижу маму-продюсера.

— Ну я, видишь, очень инициативная.

Я очень активная.

Меня это, скажу честно,
в какие-то моменты…

Ну, как бы, это проблема:
я не могу отдохнуть,

я не могу сесть и посидеть спокойно,

почитать книгу.

Мне нужна какая-то активность.
Я думаю, что это отчасти какое-то,

конечно, ну не заболевание,
но нужно делать.

Нужно всегда что-то делать.

— А с Корнеем… Просто он ещё
такой активный ребёнок,

что с ним правда нужно
и сходить и на тайский бокс,

и на керамику сходить,
и в футбол погонять,

и потом ещё раз в футбол погонять.

А потом дома порисовать,
а потом дома поиграть в эту игру,

а потом дать ему в телефон поиграть,
потому что ну а как?

Вот. И если этого всего не делать,

ну да, мы сойдём с ума
дома в четырёх стенах.

Как бы, это будет вот так вот.

— Ты никогда не думала — я не говорю,
что есть какие-то к этому предпосылки,

я просто спрашиваю — как бы
тебе самой не стать для сына

тем, кем была твоя мама?
— Той мамой, да!

Это очень хороший вопрос, Юра.

Я об этом, безусловно, думаю.

Иногда я себя ловлю

на ощущении, что я просто
вылитая моя мама.

То, как я однажды делала
с Корнеем прописи…

— (Дудь давится смехом)

Это… да.

Я просто понимаю немного, да.
— Да.

Ты понимаешь, я учусь.

Я тоже учусь этому.

Я понимаю, что да хоть он
разорвёт эту бумажку!

Вот я, отделившись от эмоций, от чувств:

да хоть он её порвёт,
хоть он её измажет,

хоть он напишет не «А», а «С»,
что угодно, вообще насрать.

Это вообще неважно!

Это не то, что сделает его
счастливым, умным, каким угодно.

Но моя вот эта вот менторша,
которая говорит, что:

(повелительный тоном) «Здесь
вот такой вот пропуск, Корней!»

И я эту интонацию как ловлю,
я понимаю, что: так, стоп вот сейчас…

Так и было, я сейчас не вру,
я так сказала. Я говорю: «Корней,

так стоп, извини», — я ушла.
Я говорю: «Я сейчас не могу.

Я сейчас так сильно завожусь, что мы
из этого ничего хорошего не получим.

Я сижу отдельно, ты делаешь сам,
я тебя очень прошу.

Я просто сейчас не могу,
будет всё плохо».

Всё-таки я спрашиваю мнение
Корнея по-разным вопросам,

которые, наверное, не стоит
иногда и спрашивать.

Там, что он выберет одеться…
— М-м!

— (Варя) Он очень хорошо одевается сам.
— Не, а так почему не спрашивать?

— Потому что «надень то, что я тебе даю».

— Не, ну…

— Не, блин, ну Юр. Слушай,
у кого-то так, у кого-то так.

Мы достаточно открыто и откровенно
с ним разговариваем лет с четырёх.

Я не говорю с ним: «Корнюся, это вот
потому что вот тут вот так, а вот тут…»

Человек меня спрашивает:
«Мама, а когда ты умрёшь?

А где я буду?»

Недавно шли на фортепиано.
Он занимается ещё фортепиано,

ему это очень нравится.

Блин, я записала этот кружочек,
выложила в Инстаграм.

Он сказал: «А если война не закончится
никогда?» — что-то такое.

Мы начинали со смерти, он спросил:
а что будет после смерти?

И мы с ним про всё это разговариваем.

И да, и он сказал: «А если война
не закончится никогда?»

И вот, как бы, возникают
у человека такие вопросы.

Я считаю, что я должна
с ним разговаривать честно,

говорить о своих чувствах,
говорить, что мне тоже страшно,

а не прятать за отговорки
про то, что «это не твоё дело»,

про то, что «ты ещё маленький».

Он действительно маленький, но,

если у человека возник вопрос,
что я ему скажу?

«Ты ещё маленький и узнаешь,
когда вырастешь»?

Как будто бы я его какой-то
интерес на этом пресекаю,

и больше он ко мне не подойдёт.
А вдруг это был какой-то…

…не знаю, очень важный вопрос?

Я получала очень часто
такие ответы, типа:

«Словарь Даля есть»,

«Почитай в интернете»,

«Так ну всё, не морочь мне голову!»

Ну, «Не твоё дело», что угодно.

И я решила, что с Корнеем это,
чтобы свободно он жил.

Я стараюсь его не ругать.

То есть объяснять, не говорить там:
«Ты!… Это плохо!» —

а разбирать какую-то ситуацию, да.

Я не рукоприкладствую
ни в коем случае

и не обзываюсь.

«Дебил», «дурак», «тупой»,
«урод» — я не знаю,

много можно услышать иногда
от разъярённых мамочек.

Вот.

— Слушай, а ты проматывала
уже в своей голове

тоже довольно распространённый
родительский страх, что…

Ну, вот сейчас ему семь.
— Да, будет.

— А вот, типа, в 13 его языком общения

гораздо более предпочтительным
будет немецкий.

— Ага?
— Как ты будешь на это реагировать?

Ну, страх в том,
что вы не будете говорить…

— «Не забывай свои корни полностью», да?

— Не, не про это.
Есть вещи на порядок выше.

— (Варя смеётся)
— Поэтому не про это.

А про то, что вам комфортней будет
общаться на разных языках —

вот в чём штука.

— Я пока об этом не думала, потому что

не до конца понятно, на сколько мы здесь.

— А-а.

— То есть есть какая-то
временная рамка, как три года,

потому что у нас ВНЖ на три года.

Продлят ли нам его дальше?

Получится ли у нас здесь,
как говорят, закрепиться?

То есть ничего непонятно.

Но идея того, что мы говорим
с сыном на разных языках мне, скорее,

нравится с точки зрения, что:

«О! Он знает больше, чем один язык».

То есть я смотрю на это всё-таки
с положительной стороны.

И если для этого мне придётся
подтягивать немецкий,

либо ему подтягивать английский…
Ну короче,

мне кажется, чем больше есть у тебя
в голове возможностей общения,

тем лучше.

— Война началась в твой День рождения.

— Каково это: проснуться в 30-летие
и узнать, что началась война?

— Я проснулась в шесть утра.

У меня всегда рядом лежит
телефон на беззвучном.

Я пошла попить воды, а там
стояли подарки от Дани.

Там стояли туфли Manolo Blahnik.

Там просто стояла табуретка,
там были туфли, что-то ещё.

Какая-то прямо, в общем,
была такая горка подарков.

То есть первое, конечно,
что я испытала, это:

(хлопая в ладоши) «Ура-а!»

А потом я…

— (Дудь) Офигеть! У тебя
в этот день радость была.

— Да-а, в шесть утра.
— Ну то есть ты не с телефона начала…

— Нет, нет. Я сначала увидела подарки.

— Да, да. Я понял, просто…
— (Варя) Да, да, да.

— Ну, просто у большинства
людей было не так.

— Да. У меня День рождения
начался с приятных эмоций.

А потом, уже ложась, я вот так
тыкаю посмотреть на время…

Я не помню, что это было.
«Медуза» либо… какой-то канал.

Я разбудила Даню,
и мы часа два сидели читали,

смотрели и не понимали.

Я сейчас ещё скажу,

 насколько я была просто вне контекста
происходящего на тот момент.

У меня был выпуск
спектакля у Молочникова.

Мы… Те, кто знает вообще,
как репетируют спектакли,

вот неделя выпуска — это просто
ты сидишь в театре с 10 до 23.

То есть телефонов нет…

Ну, в хорошем театре. Телефонов нет,
ты репетируешь, репетируешь.

И вот эти самые, видимо,
горячие дни я просто пропустила.

Я не смотрела в теле…

То есть в Инстаграм зашла,
вечером вот это всё, ушла.

Не вчитывалась никуда, ни во что.

Поэтому для меня это был
просто шок, когда я всё это увидела.

Это было очень неожиданно,

учитывая, что мы уже начали
репетировать другой спектакль.

Я начала репетировать в «Гоголь-центре»
спектакль Саввы Савельева

«Берегите ваши лица».

Просто я его не выпустила.

Это была моя мечта —
сыграть в театре «Гоголь-центра».

— Ты всегда дружила с ребятами,
но никогда не играла?

— Да.

Мы начали репетировать.
И более того,

по-моему, даже у нас была
репетиция 24-го февраля.

Я могу ошибаться, но точно
25-26-го были репетиции.

Надо было что-то делать.

— А тогда же тебе тоже молчать нужно было?

Ты не могла ничего сделать.
— Да.

— Ты к тому моменту уже привыкла молчать

или тебе нужно было
переступить через себя?

— Я к тому моменту привыкла.

Но я не могла не выложить «Нет войне».

Мне казалось это бесчеловечным.
Я никого не сужу.

Я не могла так не сделать.

— И ты выложила?
— Да.

Потом был смешной эпизод.

Я выложила чёрный квадрат,

написала «Нет войне».

А через несколько дней,

через неделю или около того,
мы уехали в Ереван.

У нас отменились репетиции,
всё встало.

Вообще всё встало.

Мы уехали в Ереван, были там
около месяца — что-то такое.

И когда вернулись домой…

У нас есть охранник,
он такой всегда был…

Не охранник, а вот вахтёр,
который сидит открывает дверь.

— Консьерж.

— Консьерж был всегда такой незаметный.

Как-то так он тихо здоровался
либо вообще в глаза не смотрел.

Такой был человек молодой.

Ему, наверное, около 30-ти.

Тут мы приехали после Армении,
нас не было месяц.

И мы с ним здороваемся.
Мы с чемоданами, с Корнеем,

говорим: «Здравствуйте».
— В подъезде?

— Да, в подъезде. Он вот так сидит,
смотрит в телефон.

Мы говорим: «Здравствуйте!»

— он никак не реагирует.
А мы с чемоданами едем наверх,

там Данин папа нас привёз,
мы распрощались.

И я прямо чувствую:
какая-то странная история.

Как-то неловко,
непонятно, что это такое?

Мы пошли спустились вниз.
Там пришла ещё наша родственница:

там ключи от машины,
неважно, ля-ля-ля.

И мы такие, типа: «Здравствуйте?»

Я не понимаю.
Что случилось? В чём прикол?

И я к нему прямо туда —
знаешь в вот эту вот? —

я говорю: «Здравствуйте!»

У-у! Алё?! У-у, мы тут!

И он так: «Здравствуйте, здравствуй…»

И я говорю: «Простите,
а что-то случилось?» И он такой:

«Варвар, скажи: а каково это — быть
в передаче ""БесогонТВ""?»

И я понимаю, что: а-а,

всё, что он делает на протяжении дня,
— он смотрит видео.

Я думаю, что он видел что-то,
у Михалкова там было…

Там, по-моему, даже имя моё не упоминали,
а просто фотографию со мной, как бы,

«В числе…»
— А! Типа, «они уехали».

Да, да. Под музыку.

— В числе тех, кто был против
вторжения, вот это всё.

— Я там тоже был.

— Ты там был.
Все мы там были, да.

И я такая…
А я только приехала из Еревана.

Ну, мне казалось, что я скажу:
«Да, я против войны.

Я против того, чтобы
человек убивал человека

Нужно всё решать диа…», — это всё.

А там вообще не до этого.
Там, как бы: «Варь, ну

у тебя не будет работы.

У тебя через месяц не будет работы».

И я так разозлилась! Я говорю:
«Давай поспорим с тобой».

Потому что я знала,
что у меня будут съёмки.

Но в любом случае да:
работы у меня, в итоге, нет.

Но я понимаю,
что вот этот вот тип людей,

которые что-то охраняют, сидят,

вот которые постоянно в телефоне,

вот они сейчас стали #1.

Они лучше всех знают, потому что
у них есть вот эта штучка,

в которой есть «БесогонТВ»,
в которой есть все выпуски Киселёва

и всех остальных прекрасных людей.

Вот они сейчас на коне,

а, кто считает, что смерть — это плохо,
что убивать людей — это плохо,

ты предатель,

ты можешь сесть за это.

[Музыкальная заставка]

(Аплодисменты)

– (Женский голос) Вы прелестны!

— Спасибо большое! Спасибо!

— (Миша) Спасибо вам большое!
— (Варя) Спасибо вам огромное.

— (Миша) Спасибо, спасибо.
— (Варя) Спасибо большое!

— И спасибо вам конечно.

Без вас бы этого не было.

(Аплодисменты)

— (Дудь) Слушай, ну он сейчас
как сын репера, а не актрисы, скорее.

[Напевает строчку из трека 50 Cent – P.I.M.P]
— I don't know what you heard about me.

У нас отец рэпер. (смеётся)

— (Дудь) Ну как?

— Ох!… Ну вот отлегло.
Вчера было очень тяжело,

потому что мы встретились с Мишей
всего лишь за два дня до этого.

Нам нужно было сонастроиться,

нам нужно было друг друга
снова увидеть, пощупать.

И сегодня… Не знаю, очень круто,
как будто мы заплатили публике,

потому что так было как-то по-семейному,

и все так шли на контакт как-то.

И мы как-то с Мишей так тоже,
сыгрались, в общем.

— Слушай, а он весь спектакль смотрел,

и всё спокойно было?
Или твой муж выходил?

— Даня сказал, что они ездили за цветами.
— А-а.

— Потом немножко поспали.
Потом проснулись — и всё.

— Спектакль заончился?

Очень удобно.
— Не, не, не!

Нам самом деле, это,
по-моему, уже не первый раз,

когда мы куда-то ходим с Лукой.

Мы ходили на «Барби» в кино.

И он, во-первых,
какую-то часть проспал,

а потом проснулся
и просто так втыкал в экран.

Да, вот так вот втыкал.
И практически его не было слышно.

И у нас часто бывает:
мы сидим где-то с друзьями,

и спустя час-полтора все такие:
«А где ребёнок?»

А он просто так сидит.
И он практически не издаёт звуков.

— А-а.
— Просто сидит, смотрит

по сторонам, так очень спокойно.

С кулаком во рту так (причмокивает).

— И я сразу просто даже
на примере вашего спектакля

я понял, почему вы все династиями,
актёры, живёте.

Потому что он же реально
весь спектакль тут пробыл,

а потом ещё на бис вышел,
на сцену посмотрел.

То есть, конечно, момент привыкания
происходит реально с первых дней.

— Да. У меня так же было и с Корнеем.

И вот сейчас Лука вышел
в первый раз на сцену.

Корней вышел в первый раз,
когда ему было…

(взволнованно) тоже четыре месяца,
и мы только вернулись.

И мы играли спектакль впервые
на Олега Павловича Табакова.

Он обычно ходит, смотрит
экзамены в школе-студии.

И к нам по какой-то неизвестной причине

никак ни разу не дошёл,
пока мы были студентами,

ни на один из экзаменов,

а тут мы уже были…

Ты смотри, а, да?
Сидит какой Юра Дудь!

— Мне кажется, я ему не очень нравлюсь.

— Послушаем.

Она сказал: «Даа…»

— «Пусть будет», да?

— Да. И в итоге, я выходила так же
с таким маленьким Корнеем

в центре «Мейерхольда».

У меня есть даже видео, где Корней
тоже вот такой прямо пупсик.

И я выхожу так же, как и сейчас.

Мне это кажется каким-то прикольным
жестом и важным для меня.

— Я правильно понимаю,
что Сергей Гилёв

— сейчас один из главных
актёров-мужчин в России?

— Да. Я, кстати, недавно ему писала.
Я говорю: «Серёга, ты хорош».

Он говорит: «Где?»
Я говорю: «Везде!»

Это я смотрела с ним…

— «Кентавра»?

— Его посмотрела и потом…
В «Бизоне» он же тоже есть?

Да, вот там я его тоже посмотрела.

— С какими чувствами ты сейчас
смотришь фильмы, которые снимаются

и выходят уже, ну,
после того, как ты уехала?

После того, как это уже
не совсем твоя работа.

— Противоречивые чувства я испытываю.
Я не могу сформулировать, что это такое,

потому что в меру моей
любознательности

я стараюсь смотреть всё,
что выходит, ну интересное, да.

Я смотрю — и где-то, конечно,
это успех и радость

за какого-то или какую-то
актёра, актрису.

А где-то полное моё непонимание:
как же так?

Как же до сих пор камеры крутятся?

— Успех и радость?…

— За каких-то людей,
которые очень талантливые

и наконец они нашли себя в профессии.

— А, не за результат? Я думал, вдруг ты…

— А, нет! И за результат тоже.

— А например? Что у тебя вызвало…
Что ты считаешь успехом из вышедшего?

— Пф… Мне понравился «Фишер».

— Это сериал с Гилёвым, Сашей Бортич и…

— Да, и Яценко и Ваней Янковским.

Мне понравился сериал про волонтёров
тоже с Ваней Янковским.

И — вот я уже тебе говорила — я буду
ждать выхода всех серий «Слово пацана»

и посмотрю их залпом.

Мне кажется,
это что-то интересное тоже.

— Ты общаешься с кем-то из девчонок?

— Э-э-э…

Иногда мы переписываемся с Алёной.

Крайне редко — с Ирами.

— Угу.

У Иры Носовой не пошла
карьера после этого?

— Вот как-то так вышло.

Я не знаю. Если честно, я была
очень сильно удивлена этому.

Потому что в какой-то момент
было очень много нас с Алёной,

нас везде звали, всякие обложки,
и почему-то нет Иры.

Я не понимала, почему,

и не понимаю, потому что для меня
из нас всех она просто супер.

Она самая…
Самая любимая сцена — с ней,

самая любимая вообще
линия героини — это с ней,

и взаимодействие самое любимое
— с ней.

И я задавалась вопросами. И меня
спрашивали «а где Ира?», а я не знаю!

Ну и с Ирой, которая Горбачёва,
иногда тоже переписываемся.

— (Дудь) Ты удивилась,
что она снова в России?

— Да.

— Вы обсуждали с ней это?
— Нет.

— Ты не хочешь или боишься?

— И то, и другое, наверно.

Я не хочу и боюсь, да.

— Боишься обидеть
или боишься узнать что-то не то?

— Ты знаешь,

я представляю,
насколько её все заебали.

Я представляю, насколько ей тяжело.

Я не хочу быть ещё тем, кто её
начнёт расспрашивать и добивать.

И я здесь выбираю — жить просто
в параллельных реальностях.

Возможно, было бы проще —
просто спросить и жить спокойно,

но я боюсь. Я не знаю.

Это её жизнь.

[Музыкальная заставка]

— Как ты видишь своё будущее?

— Сейчас захотела размечтаться,
а потом опустила себя с ног на землю,

потому что вспомнила, что я не думаю…

что я не думаю на две недели
вперёд или на три.

В смысле, я думаю только на две
или на три недели максимум.

До Нового года я могу сейчас
тебе своё будущее рассказать.

Но если всё-таки дать себе
такую возможность и помечтать,

то конечно это я —
актриса мирового уровня.

Мне так в это верится.

Мне кажется, что я в эту сторону иду.

И пока что все мои мечты
и желания сбывались.

— Что ты для этого делаешь?

Ты учишь английский?

— Сейчас… Вот опять-таки,
мы с тобой сегодня когда гуляли,

я серьёзно, у меня бывают,
конечно, просветы,

но, в целом, я сейчас в каком-то
очень странном состоянии.

Связано ли это с тем,
что у меня сейчас грудной ребёнок

и много моего полезного серого
вещества уходит к нему,

но я пока что нахожусь
в состоянии невменоза.

Возможно, это эмиграция. Возможно,
это очень самостоятельная наша жизнь

в плане профессии, потому что
мы сами здесь делаем спектакли,

сами организовываем это всё.

То есть я не просто
приехала на такси, села,

значит, на сцену — отчитала и ушла.

Нет. Я плачу налоги.
Этим плачу, здесь пишу.

Слишком много, много, много
всего происходит.

И я не учу сейчас язык.

Я просто не воткну новые знания
в мою дырявую голову.

Что я делаю для того, чтобы стать
мировой звездой? Ха, я живу в Берлине.

Я живу в Берлине.

Я интересуюсь тем,
что происходит в мировых

всяких повестках, культурных.

Я могу смотреть эти фильмы
здесь в кинотеатре.

Я общаюсь с разными людьми,
как-то связанными с киноиндустрией.

Не российской. Потому что
к российской индустрии я себя уже,

к сожалению, не могу отнести,
потому что я не…

Как бы, я сейчас не работаю там.

Я уже не знаю, что это и как там.

Но я возлагаю надежды
большие на моего сына.

— М-м!

— Я так шучу, но на самом деле,
у меня был такой план.

Я где-то рассказывала,
тоже в каком-то интервью.

Но раз уж ты спросил,
я расскажу его ещё раз.

Корней вырастает и становится

ну либо продюсером, либо режиссёром.

— И снимает тебя в главной роли?

— И снимает меня в главной роли!

— Голливудским режиссёром.

— Конечно, голливудским режиссёром.

Снимает этот фильм его папа,
Женя Козлов, прекрасный оператор.

В главной роли снимаюсь
— кто? — конечно же я,

прекрасная актриса Варвара Шмыкова

и номинируюсь на мейн-роль.

И со статуэточкой получаю «Оскар»
и говорю: «Всем спасибо!».

— М-м.

Очень по-путински, когда
вся семья вовлечена.

— Слушай, а… (смеётся)

Ну я хотя бы про неё рассказываю, Юр.

Я хотя бы не скриваю, блин, чё кого!

— (Дудь) Тут случился
перерыв на кормление.

— И не моё.
Я была этим кормлением.

Малыша!…

— (Дудь) Слушай, в эти щёки
ушёл весь английский и…?

— Пожалуйста, вот они.
Понимаете, ну куда?

[*(исп.) «за что, почему»]
Лукось, por qué*?

[*(англ.) «почему»]
Why*?

— (Лука кряхтит)

— (Варя давится смехом)

— (Дудь) Мы это не снимали,
но это можно пересказать,

что Варя покормила, и он так
кайфанул, когда ты закончила!

— (Варя) Ему очень понравилось.

— (Дудь) Ты спросила «понравилось?»,
и он издал звук похожий на «да-а».

Очень похожий на «да».

Вы завтра уезжаете на съёмки?
— Да.

— Кино?
— Да.

— И берёте с собой?
— Конечно! А как же?

Да.

Летим вместе.

Я говорю: у меня уже схема,
проторенная дорожка.

У меня с Корнеем было так же.

«Нелюбовь» когда снималась,
в вагончике, в трейлере, был Женёк,

папа Корнея, и маленький Корней.

И мы ехали, значит,
на какую-то ночную смену.

Сейчас вот едем в Ригу
с новым малышом вместе.

— А-а.

— Просто такой, ну, бродячий…
бродячий театр, получается?

— Ты аж поперхнулся. (смеётся)

«Такой б-б»… (смеётся)

Ну да. Слушай, а…

— Правда, вырезалось.
— Да да.

— Тяжело выходило.
— Да не, а как по-другому?

Понимаешь, тут такая ситуация,
что я очень люблю свою профессию.

И я очень люблю детей, своего мужа.

И всю жизнь, мне кажется, я стремлюсь
к тому, чтобы уметь совмещать вот это —

работа и дом.
Для меня это правда важно,

потому что меня стращали,
и пугали, и нравоучали, что:

«Вот: либо ты хорошая актриса,
либо ты хорошая мама».

И я такая:

«А нет. А я и так,
и так хочу, чтобы было.

И вот, делаю всё возможное.

— Даст пять, не?
— И — бум!

А вот сейчас посмотрим, давай.
— А можно я вообще возьму его?

— Давай.
— Если ты не…
— Конечно.

— Привет.

Блин, какой прикольный!

На меня сядешь? Я один вопрос задам.
Можно же?

— Да, конечно. Слушай,
он вообще очень коммуникабельный.

— Вдруг у вас… Блин, обалдеть.

У меня просто маленьких
родственников тоже давно не было

с момента, как мой гангстер подрос.

Вот. Слушай, а я правильно понимаю,
что у вас же семья с Даней —

это равноправие
и феминизм, как он есть, да?

Пока ты работаешь, он просто
спокойно ходит с ребёнком

и никаких вопросов?

— Ну, у нас… да, равноправие и феминизм.

И мы стараемся делать
так, чтобы, как бы,

и я что-то успевала,
и Даня что-то успевал.

Выходит Даня играть
ночные сеты куда-то — мы дома.

Даня уходит учить немецкий — я дома.

Ну то есть мы стараемся,
чтобы было пополам, поровну.

Бу-у.

— На что вы живёте?
Кто главный добытчик сейчас?

— Главный добытчик…

Наверное, это наши нажитые.

Наш нажитый капитал —
это главный добытчик.

— Подушка?
— Да. Наша подушка безопасности.

— У вас большая была?

— Это всё, наверное, относительно.
Ну, мне кажется, хорошая, нормальная.

— А вы ничего не покупали в России,
вы копили?

— Да. У нас нет никакой собственности:
ни квартир, ни машин, ничего.

— А-а.
— Да.

— А вы считали,
насколько этой подушки хватит?

— Я помню, что я пыталась,
значит, аренду рассчитать.

Типа, вот я как-то это села,
сделала год назад, по-моему.

Хватило на года два-три, по-моему.

— Ага. Только аренда?
— По-моему, только аренда. Да.

— Ни ты, ни Даня сейчас не работаете?
Или Даня работает?

— И у меня, и у Дани, у нас есть
кое-какая реклама, как у блогеров.

У Дани здесь было пару сетов.

— Угу. Даня диджей?

— Даня диджей, да.

У нас здесь был спектакль.

И вот у меня были съёмки.

Пока это всё.

— Вот это заработано — но меньше
того, что вы тратите каждый месяц?

Или вы отбивались?
— Отбиваемся.

— (Дудь) А!
— Да.

— Ну а из подушки вы много высовываете?

— Тоже не могу сказать,
что прямо очень много.

То есть мы, на самом деле,
достаточно скромно, что и жили,

что и сейчас живём.

То есть из того,
на что мы обычно тратимся

— это, ну, типа поездки
какие-то, путешествия.

Самое дорогое —
это перелёт, вот это всё.

А так… Ну да, и еда, наверное:

накормить всех.

А, ну ещё мы любим всякие вещи красивые.

Может быть, ещё и вещи,
да, какие-то покупаем.

— ВНЖ у вас — виза артиста?

— Фриланс виза, я как заявитель.

— Но ты можешь работать по ней здесь?

— Я могу работать только актрисой,

Даня может работать кем угодно.

— Ты представляла себе ситуацию,
что деньги заканчиваются?

— Честно?
— (Дудь) Да.
— Нет.

— (Дудь) М-м…

— Не представляла.

Я, знаешь, склонна верить, что:
что представляешь, то и будет.

Но, на самом деле,

я думала про какие-то, условно,
там сложные периоды если будут.

Ну, я не гнушаюсь никакой работой,

Даня тоже.

И-и,

я думаю, что всегда будет какая-то…

В общем, не будет того, что прямо
мы с нулём сядем и будем сидеть, —

такого не может быть, мне кажется.

— «Никакой работы» —
что ты имеешь в виду?

Ты готова работать
не актрисой, не в кино?

— Да. Главное — только понять,
как это сделать здесь,

учитывая, что я могу быть
только актрисой, ну, легально.

Либо это будут какие-то, ну…

Либо я придумаю что-то
легальное, не знаю.

— А представим, что у тебя следующее ВНЖ
будет с возможностью работать, кем хочешь.

— Да?

— И деньги закончились.

И у тебя возникает выбор.

Пойти заниматься
обычной работой руками:

продавцом, консультантом,
поваром, баристой, кем угодно ещё —

или вернуться в Россию
сниматься в кино,

но покаяться.

Чё ты выберешь?

— Работать руками.

— Ты уверена?

— Ну, на данный отрезок времени,
на сегодняшний день, я так отвечу.

Каяться за что, перед кем?

— Как ты думаешь, когда
ты вернёшься в Россию?

— (Вздыхая) Я не знаю.

В ближайшие года два точно не вернусь.

— Ты представляешь себе ситуацию,
что ты не вернёшься в Россию никогда?

— Представляю.

— Как ты её представляешь?

— Я очень люблю Москву.

Я считаю,
что это лучший город на земле.

Я вот уже говорила…

Может быть, это просто
не в моём характере,

но я крайне редко по чему-то скучаю.

Даже, если бы у нас были
хорошие отношения в семье,

я не могу сказать, что я бы скучала.

У меня осталось куча
классных друзей в Москве,

которых я помню, за которыми
я слежу, но я не скучаю.

И так было, мне кажется,
всегда, сколько я себя помню

в каком-то уже сознательном возрасте.

Вот именно это чувство — скука.

Нет, не скука, а скучание, да?

Скучание, да. У меня
самое сильное скучание…

Возможно, это очень эгоистично,

но это правда.

Очень сильное скучание
у меня по театру.

По моей профессии.

— По себе на сцене?
— По себе на сцене.

По себе в искусстве!

«Любите ли вы театр так,
как люблю его я?»

Это правда. Я не могу
ничего с этим сделать.

В какой-то момент, в первых
отношения, у нас с Женей,

это было одной тоже из проблем,
потому что я очень люблю свою работу.

Я очень люблю театр. Я фанатка.

Дайте мне просто роли играть любые!

Я это очень люблю.
Трудоголик, очень ответственный.

Я недавно научилась себя хвалить,
поэтому я сейчас не одёргиваюсь,

когда говорю про себя, но это правда.

Мне кажется, я профессионал.

И эта профессия очень мне
подходит ещё к тому же.

Это не просто, мне кажется,
я не самоправозглашённая

какая-то актриса.

Мне кажется,
у меня всё очень полюбовно.

И вот по этому я скучаю.

По каким-то людям?
Я могу с ними общаться.

Город и его удобства?

Человек перестраивается.
Я перестроилась на Берлин,

на его где-то удобства,
где-то неудобства.

Ну ты знаешь,

я сейчас, может быть, так,
очень литературно выражусь,

но это правда то, что я думаю,
то, что я чувствую.

Мне всегда по жизни очень везёт.

Даже когда самые тяжёлые времена,

тяжёлые трудности
встречаются на моём пути,

я себя всегда как-то представляю
героиней фильма.

Своего. Жизненного.

Даже если мне придётся
навсегда расстаться с Москвой,

и я никогда больше не увижу Россию —

я в это не верю,
скорее всего, это не правда,

но даже если это будет так, — значит,

вот такая яркая у меня была
частичка жизни в России.

Это круто.

И буду я про неё как-то так вспоминать.

Но мне кажется, что я там ещё…

окажусь.

— Ты написала пост на год вне России.

И закончила его так: «Но главное
— сохранить в себе человека.

Вот я и сохранила,
в прямом и переносном смысле».

На что тебе в комментариях ответили:

«То есть мы не люди, кто остался?!

Счастья вам сбежавшим,
""сохранившим человечность""!»

— Это вот первая ошибка людей,
которые так пишут.

Видишь, они принимают всё на себя.

Я же ни про кого ничего не сказала.

Я не смогу там сосуществовать,
и я пишу про себя.

Для меня «сохранить человека в себе»,

в прямом и переносном смысле,
имея в виду, вообще-то, мою беременность,

— это говорить,

это жить свободно.

Это жить там, где,
да, меня не посадят.

Я выбираю такой путь.

— Давай уточним: ты не считаешь
тех, кто остался…?

— Я не считаю тех, кто остался там,

ни предателями, ни лохами,
ни придурками, ни уродами,

ни мерзавцами.
У каждого своя жизнь.

Я буду заниматься своей жизнью,

своими детьми
и своим любимым человеком.

И никто и никакой мне…

комментатор…

Сколько угодно можете
комментировать.

Мне кажется, люди, которые так пишут,
они себя таковыми считают.

Это не я так сказала,
это ты так сказал!

— Там могло это прозвучать так.
Ещё раз, при всей…

— Я понимаю.

— Там было, что недопонять.

Потому что это могло прозвучать так,
как будто те, кто остались,

шансы сохранить
в себе человека теряют.

Поэтому его возмущение,
его комментарий, в целом,

не на пустом месте.

— Не на пустом месте. Но и всё-таки
это был пост только про меня.

Я писала только про себя,

потому что это мой Инстаграм,
я пишу про себя.

[Музыкальная заставка]

— Как ты думаешь, есть ли шанс, что ты
восстановишь отношения с мамой?

Представляла ли ты себе
такую ситуацию?

— Я скажу честно. Нет,
я не представляла ситуацию.

Я не представляла её, потому что
здесь я пытаюсь быть очень…

В общем, подходить
рационально ко всему,

с трезвым умом

и не питаться какими-то иллюзиями.

Есть просто сухие факты, да.

Наша жизнь, моя от 0 до 31-го,

которая говорит об обратном.

И мои попытки настроить
какой-то диалог,

к сожалению, как бы,
тщетные оказываются.

Того качества диалога, который
я хотела бы иметь с мамой,

я не думаю, что когда-то у нас будет.

В ближайшее время.

Но я бы этого очень хотела.

Но для этого нужно не только
моё желание, но и её тоже.

— И финальное: в чём сила?

— Ну конечно, Юра, сила в любви.

Но сегодня хочется, знаешь, что сказать?

Что сила в прощении.

В прощении не только,
когда ты прощаешь,

а когда ты ещё просишь прощения.

В этом сила.

— Ты часто просишь прощения?

— Сейчас стала уметь это делать.

— А в отношениях с мамой ты это делала?

— В отношениях с мамой
я говорю, что я люблю её,

и пишу ей, что «я знаю,
что ты меня тоже любишь, мама».

— Даже сейчас?
— Да.

Она прислала мне песню…

У нас очень интересные
семейные взаимоотношения.

В какой-то период времени папа
был женат на Этери Бериашвили.

— Это певица.

— Очень крутая грузинская певица,
она была в какой-то момент моей мачехой.

И она в самый нужный момент
оказалась рядом.

И то, что я не могла обсуждать
ни с мамой, ни с папой,

я обсуждала с Этери.

Профессию, мальчиков,
заработок, жизнь — вообще всё.

Я её очень люблю.

И несмотря на то, что это жена папы,

у нас хорошие отношения,
у мамы с Этери.

И она была на концерте, и Этери
пела песню с дочкой со своей.

Текст песни, что:
«Я люблю тебя, моя доченька».

И мама прислала эту песню мне.

Я написала:
«Я тоже люблю тебя, мама», —

но она ничего не ответила.

Ну я так прочитала эту песню.

[На фоне начинает тихо звучать тема «вДудя»]
Она же именно эту прислала песню.

Вот.

— Ну, возможно,
вы друг другу ответили уже.

— Наверно.

"
